,scan_id,timepoint,peak1,peak2,peak5,peak6,peak1_norm,peak2_norm,peak5_norm,peak6_norm
0,1,-4.5,84701.98823139016,45352.331887809414,3950.193963198777,6015.955066281766,0.9936431812809728,1.00218374499659,0.9898385201029819,0.9894988534820639
1,1,-4.0,84948.13568392834,45332.02084736776,3873.652532120064,6098.539736253115,0.9965307491280945,1.0017349170372043,0.9706587892919495,1.0030823053781484
2,1,-3.5,84583.71839079619,44907.32246405386,3963.1250611058967,6008.408637188022,0.9922557519760508,0.9923500453323398,0.9930787910706701,0.9882576236434311
3,1,-3.0,84746.81405720278,45448.65888630738,3992.1541005675617,6065.447249953334,0.9941690352437195,1.004312353341091,1.000352879818828,0.9976392831328472
4,1,-2.5,85661.57159025296,45533.388332500974,4053.7258179361925,6135.569384031483,1.0049001007620124,1.006184682065176,1.0157815038732811,1.0091729083859575
5,1,-2.0,86160.47761204363,45323.006176942356,4083.1981144046617,6129.814221820826,1.0107527917909178,1.0015357132522877,1.0231666638406571,1.0082263045057247
6,1,-1.5,85904.37076672241,44877.839741033364,4019.1713389396914,6104.8652579531035,1.0077483898182318,0.9916985439753099,1.0071228520016327,1.0041227214718282
7,1,-1.0,86054.39249015857,45700.35469274995,3993.7896907306335,6113.872201695827,1.0095083020192197,1.0098742602023423,1.0007627255533902,1.005604175440252
8,1,-0.5,85865.45622569081,45577.406929751065,4045.7509478166185,6174.311187235755,1.0072918814273886,1.0071573932975493,1.0137831631055332,1.0155451251711716
9,1,0.0,86019.60338562133,45631.219395695996,3991.8979848731688,6131.178606226387,1.0091001893263765,1.0083465268305638,1.0002887024183573,1.0084507172199384
10,1,0.5,85841.52001107049,45453.40414354348,3980.288609574618,6009.329585125473,1.0070110845188416,1.0044172127710231,0.9973796283394906,0.9884091003280446
11,1,1.0,85503.62699881902,45502.46670376607,4032.8685936387415,6067.19097874613,1.0030472450076726,1.005501384153095,1.0105551063281524,0.99792609006911
12,1,1.5,85837.74804314418,44801.857267776184,4011.11987597307,5919.886151558596,1.0069668353779626,0.9900195035283631,1.0051053186192742,0.9736975251931217
13,1,2.0,85755.51055452632,44558.6806305314,3909.6185208960565,5806.760181500005,1.0060021033626103,0.984645850997937,0.9796711368970885,0.9550906678548061
14,1,2.5,85771.90672646489,44254.5388267161,3942.4476896463684,5728.000125769147,1.006194447660378,0.9779250064620563,0.9878974610003499,0.9421362850532013
15,1,3.0,85605.96384488311,43866.07929664886,3847.977170655103,5643.994035294099,1.0042477635717422,0.9693409312796498,0.9642250642565828,0.9283190391970174
16,1,3.5,85222.0829281685,43767.13250477882,3804.9239664473234,5569.225804044575,0.9997444376961401,0.9671544314393105,0.9534368041519549,0.9160212280792206
17,1,4.0,85179.11174073716,43404.58059696272,3752.996740525186,5539.290812369167,0.9992403405872735,0.9591428559897917,0.9404248941195169,0.9110975476967275
18,1,4.5,85591.28820751846,43533.73878322371,3807.360953054475,5534.543696143814,1.0040756029495086,0.9619969591729358,0.954047463587721,0.9103167463093201
19,1,5.0,85096.75126671705,43348.06116941467,3771.643187077088,5538.2551930523605,0.9982741658241311,0.9578939047405971,0.9450973155833906,0.9109272099672509
20,1,5.5,85588.00710818825,43414.18510153783,3860.5107247976016,5535.696006089078,1.0040371122122231,0.959355093772575,0.967365718816744,0.9105062772079277
21,1,6.0,84957.79799193684,42809.70631633956,3784.7714343511407,5494.788205968399,0.9966440981375871,0.94599748265305,0.9483869881853839,0.9037777992070267
22,1,6.5,84921.10137080893,42811.3931847114,3741.1517394200055,5451.219457663845,0.996213608273994,0.9460347586208302,0.9374567769906366,0.8966116508531877
23,1,7.0,84870.4712958976,43135.31523969189,3706.1338829618694,5474.129713258169,0.9956196643801866,0.9531927018761052,0.9286820121217156,0.9003799089923856
24,1,7.5,84856.6422131431,43080.983553005186,3701.216386947428,5526.920578033905,0.9954574347316352,0.9519920947414962,0.9274497873188593,0.9090629027306023
25,1,8.0,85062.78357400351,43220.107890853564,3743.014241388107,5436.970787973725,0.9978756891537081,0.9550664272867326,0.9379234822230809,0.8942680425371881
26,1,8.5,85161.49210371007,43271.41161243059,3707.212587984426,5487.457551090504,0.9990336437605026,0.9562001232552114,0.9289523137304728,0.9025720597164503
27,1,9.0,85334.07154250902,43051.399164324976,3744.27080162257,5448.215193466387,1.0010581816275879,0.9513383468038088,0.9382383507420672,0.8961175121925445
28,1,9.5,84918.29110040925,43102.01949667886,3747.576570968314,5380.800559069302,0.9961806408540017,0.9524569414193378,0.9390667095182381,0.8850292140405677
29,1,10.0,84682.35864171734,43036.946266157676,3682.87154120033,5427.574373013734,0.9934129056010624,0.9510189705113793,0.9228529409019505,0.8927225286948615
30,1,10.5,85022.9168839847,43074.46252329157,3625.11149684195,5477.927969556214,0.9974080110563626,0.951847994764547,0.908379444825195,0.901004642756308
31,1,11.0,85034.60350019348,43085.47883109,3775.0140438601516,5416.85234265494,0.9975451073247097,0.9520914301987551,0.9459419839517572,0.8909589788295226
32,1,11.5,85393.76662836359,43290.08798869012,3726.5245422945445,5450.596653976243,1.001758467609699,0.9566128288410906,0.9337914979459092,0.896509212665396
33,1,12.0,85540.32182783648,42986.29400473542,3778.099855037397,5476.067454381818,1.00347771384793,0.9498996703358056,0.9467152256703811,0.9006986269015239
34,1,12.5,85466.04543682108,43176.42818827308,3708.697602252931,5411.1081823761515,1.0026063738592985,0.9541012048584628,0.9293244281986642,0.8900141845371025
35,1,13.0,85670.50685408035,42895.267977473784,3690.633209687925,5446.238015165898,1.0050049207805316,0.9478882014411323,0.9247978576632201,0.8957923076921938
36,1,13.5,85568.01680276582,43044.475791893914,3752.1229068834064,5443.040012282724,1.0038026049581494,0.951185355964702,0.9402059291251765,0.8952663030675799
37,1,14.0,85499.04251398957,42856.67823362697,3778.459671998625,5472.58488547347,1.002993464191123,0.9470354555646351,0.946805388505859,0.9001258171142141
38,1,14.5,85962.58971764536,43121.6375986639,3790.232024454432,5424.685753894297,1.0084313591890084,0.9528904570093572,0.9497553013561006,0.8922474112321581
39,1,15.0,85821.02220819877,43161.3094645989,3819.300023950702,5450.334699411102,1.0067706237872815,0.9537671153314052,0.9570391526990465,0.8964661266152151
40,2,-4.5,87069.37434127038,44431.05636865309,3970.475623115329,5664.582593211975,0.9998999512892305,0.9987748804142966,0.9953945478533989,0.9903711925887367
41,2,-4.0,86780.63025557871,44686.4492140839,3946.8469078024723,5729.236426755233,0.9965840299402781,1.0045159088637978,0.9894708508891688,1.0016749900315352
42,2,-3.5,87605.62432191292,44478.389788746,4030.937052469659,5710.215510492288,1.0060582168513752,0.999838898127507,1.0105521719889936,0.9983494550581308
43,2,-3.0,87265.0674509101,44754.68442962082,4048.667957753558,5796.709235809862,1.0021472802987332,1.0060497823479766,1.0149972934614306,1.0134716449961605
44,2,-2.5,86909.20032293738,44533.59716212663,4008.5590111762576,5681.840988007176,0.9980605215891707,1.0010799160607455,1.0049420178388435,0.9933885759094375
45,2,-2.0,86412.40796304062,44627.379115089214,3915.1305997681,5724.268649898602,0.9923553851939712,1.0031880599247591,0.9815196019476925,1.0008064453490175
46,2,-1.5,87504.30008520075,43887.33938805428,4001.30528735789,5730.739014922847,1.0048946148372409,0.9865525542609187,1.0031235160204715,1.001937696066983
47,2,-1.0,86783.963857852,44635.87958931536,3894.5604783199215,5725.376097878876,0.9966223128471657,1.0033791438381876,0.9763626916221396,1.0010000667781176
48,2,-0.5,86979.07791443181,44788.504079772676,4008.788750416293,5728.072789822241,0.9988629920428761,1.006810021239346,1.00499961325276,1.0014715447682516
49,2,0.0,87036.0637243825,44557.83831544027,3963.8329622178844,5738.277750476831,0.9995174139796933,1.0016248379460377,0.9937292389412722,1.0032557360811152
50,2,0.5,87299.98345089394,44013.853787898166,3938.877540172123,5547.810087363602,1.0025482537402814,0.9893964975497376,0.9874729378323787,0.9699551912372492
51,2,1.0,86668.41323564267,43231.05664713875,3855.408205886563,5360.110185266612,0.995295335797053,0.971799839163685,0.9665472533181367,0.9371385497937391
52,2,1.5,85617.34035841633,43147.20415471752,3676.6343930863063,5274.64636962786,0.9832248721387206,0.9699149016912204,0.9217288246330828,0.9221964248225608
53,2,2.0,86915.46861276387,42378.38877610532,3815.251589483948,5243.361129586248,0.998132506288034,0.9526325422203387,0.9564800269146561,0.9167266483684997
54,2,2.5,85330.70796705202,42131.939852780015,3591.64738879431,5015.231692291534,0.9799332013723757,0.9470925660406113,0.900422661659018,0.8768414813397931
55,2,3.0,85664.1940256274,41633.46215853076,3518.7057717337366,4983.126220346554,0.9837629371003274,0.9358871831360931,0.8821362660667598,0.871228299076924
56,2,3.5,85741.60567614343,41528.76108283587,3586.5363532574383,4988.692026669312,0.9846519282773721,0.9335335860600128,0.8991413298010238,0.8722014006523505
57,2,4.0,86084.79591530783,41206.40690280053,3554.4818033797346,4990.992786127672,0.9885931062865124,0.9262873199585616,0.8911052839438461,0.8726036555142297
58,2,4.5,85422.14875051797,41207.90158899349,3450.991920458615,4877.29729108689,0.9809833023478931,0.9263209193177855,0.8651604664973049,0.8527256254630061
59,2,5.0,85767.26832662449,40879.061370660216,3441.789495842431,4815.952166888338,0.984946636757364,0.9189288522236314,0.862853427200387,0.8420003084935214
60,2,5.5,85881.82464989631,40197.64001336266,3617.3491257252194,4878.9097888823435,0.9862621953326492,0.9036110409836812,0.9068660632158613,0.8530075476238098
61,2,6.0,85749.70998338595,40567.125974512724,3530.178722340155,4886.14695772698,0.9847449977002127,0.9119167921141625,0.8850125241188014,0.8542728630149593
62,2,6.5,84693.7853273538,40831.791248342306,3323.2355580795975,4844.016936071416,0.9726188164784052,0.917866257394161,0.8331320652082226,0.8469070317106706
63,2,7.0,84965.56445972295,40032.213632331135,3489.5884325964394,4839.983054782049,0.9757399132276733,0.8998923872438008,0.8748365762118392,0.8462017653017918
64,2,7.5,85117.32308035296,40394.01623115413,3390.8404218802143,4731.84387222052,0.9774827009589931,0.9080254224877695,0.8500805417191313,0.8272951769633375
65,2,8.0,84640.04300287219,40106.1112826522,3330.2091151328523,4734.162733532564,0.9720016425520058,0.9015535477674202,0.8348803294790174,0.8277005966752522
66,2,8.5,85239.71075872592,40108.19963053198,3422.625783018025,4797.287463552302,0.978888194389598,0.9016004921701503,0.8580491022094493,0.8387370522521214
67,2,9.0,84441.01429253827,40183.3382717063,3319.6472801917544,4720.1745208154625,0.9697160076858584,0.9032895491831255,0.8322324872773198,0.825254957886717
68,2,9.5,83717.42656507576,40119.665401165694,3273.501091847181,4656.642457445626,0.9614063656456227,0.9018582335931434,0.8206636807557567,0.8141472859035055
69,2,10.0,83956.31732021287,40012.309884265465,3208.726376195093,4667.349252532799,0.964149774062557,0.8994449667857063,0.8044247197548443,0.8160192157844456
70,2,10.5,84068.12626647353,39893.97931089205,3375.4937025818526,4680.180667967853,0.9654337819099263,0.8967849894201047,0.8462331334569846,0.818262605124773
71,2,11.0,83414.23757362018,39909.604326952176,3213.526939932542,4596.153601391296,0.9579245597858536,0.8971362273789197,0.8056282166213307,0.8035716751637764
72,2,11.5,83583.6811910477,39867.58405142573,3214.9836695787435,4639.109049945288,0.9598704410568958,0.8961916449383025,0.8059934173894914,0.8110818205474062
73,2,12.0,84111.92330566344,39781.37913317756,3272.2505175460005,4689.630016642035,0.9659367447218671,0.8942538268004653,0.8203501629409554,0.8199146884974915
74,2,12.5,84108.8440659972,40045.4265815443,3377.201840687638,4704.041968570087,0.9659013829013007,0.9001894038544527,0.8466613620922596,0.8224344120223317
75,2,13.0,83463.05558376835,39723.55274833176,3227.5011937348586,4656.810628804744,0.9584851831547303,0.8929539355683067,0.8091315490594307,0.8141766882587096
76,2,13.5,83664.39382316424,39918.94295285563,3258.929569110248,4644.922373394638,0.9607973405267993,0.8973461522767786,0.8170106135509554,0.8120981969498504
77,2,14.0,84154.60763398773,39936.6449138148,3265.751208048822,4612.508469820274,0.9664269292228489,0.8977440783083679,0.8187207920916193,0.8064310898309838
78,2,14.5,83972.65236338777,39825.89796215109,3229.2889559776045,4660.941092942276,0.9643373648084244,0.8952545747393685,0.8095797393918249,0.8148988407962565
79,2,15.0,83928.13315072103,39799.78064344694,3174.6166122829964,4640.696365358419,0.9638261085956207,0.894667478145287,0.7958734336497234,0.8113593399290815
80,3,-4.5,92374.02639005672,41771.99146696166,4235.093474060832,5042.552185764483,1.0088880651141907,0.994068573565021,1.0204246883915264,0.9886830795583761
81,3,-4.0,91877.21573108611,41917.7687238055,4101.423638620634,5144.029214184987,1.0034620123151008,0.9975377064619668,0.9882176070102451,1.008579476713462
82,3,-3.5,91798.7363142618,42018.24336507007,4188.0361350813855,5112.495647525423,1.002604878009221,0.9999287507912831,1.0090864568368416,1.0023967536308034
83,3,-3.0,92659.52544880901,41714.669415987555,4351.88969763912,5126.5077042862495,1.012006220771499,0.9927044525967708,1.048566156999043,1.0051440694579654
84,3,-2.5,89762.8373478785,42270.20838978212,3909.048834448378,5079.2145914259245,0.980369253459423,1.0059248860940946,0.9418658556724809,0.9958714038033293
85,3,-2.0,91405.4126623023,42142.92500496485,4134.56063984597,5063.538891100724,0.9983090867170512,1.0028958609425427,0.9962018024847245,0.9927979007237764
86,3,-1.5,91043.87764181562,42312.85504828972,4132.21832176882,5133.562637848297,0.9943604836135158,1.0069397695483222,0.9956374326051387,1.0065273161122876
87,3,-1.0,90402.79325738545,42403.653913655864,3986.802351137925,5171.373927528008,0.9873587060634977,1.0091005546918133,0.9606001784271567,1.0139408997392745
88,3,-0.5,91960.79694496597,41964.05558178908,4170.161212732594,5179.708756757609,1.0043748672857729,0.9986392175289441,1.004779583286233,1.015575092966581
89,3,0.0,91205.22326089475,42053.91993908868,4052.9408548640763,5061.601286028772,0.9961226636960431,1.000777763725522,0.976535921633015,0.9924179983888212
90,3,0.5,90616.09741966322,40632.40009006261,3807.983008485018,4663.707892329063,0.9896883655140074,0.9669491585048839,0.9175145480573489,0.914403839818577
91,3,1.0,90399.94035807032,39827.04022320526,3757.9220872092624,4518.706497100193,0.9873275473473252,0.9477836146574808,0.9054526183015401,0.8859737074780812
92,3,1.5,91298.3226056301,38888.72360243667,3906.9484133903907,4429.374790300569,0.9971394735228317,0.9254540337109388,0.9413597696753914,0.8684586191404345
93,3,2.0,90157.12634573503,38697.26752039188,3631.0049705160045,4305.63994361029,0.9846755880394874,0.9208978594014342,0.8748725708842896,0.8441981762599844
94,3,2.5,89832.767750085,38140.379960310886,3523.4381808612698,4233.433489271278,0.9811330173758821,0.9076453329346591,0.8489548884324163,0.8300408017777879
95,3,3.0,90702.09517727778,37374.222853674844,3588.6106568442005,4211.780128791637,0.9906276134246436,0.8894127164044472,0.8646578720628624,0.8257952708773372
96,3,3.5,90265.17979033093,36144.83544560294,3542.0397570497744,4069.535374164323,0.985855723137063,0.8601563811380902,0.8534368456080971,0.7979056275231282
97,3,4.0,88793.78453312823,34726.80603500968,3400.0936653408107,3874.9129445927338,0.9697854794541784,0.8264108395931871,0.8192356414817502,0.7597463986383606
98,3,4.5,88211.878500543,33356.103179948856,3326.012576640657,3768.790552772673,0.9634300343768554,0.7937915513078895,0.801386171968135,0.7389391944113107
99,3,5.0,89151.2443129809,33171.25622330685,3522.0633989262797,3874.5806129701273,0.9736895737082156,0.7893926575979192,0.8486236415694578,0.7596812390445737
100,3,5.5,88792.45174754791,32919.088725390284,3489.901378656414,3795.2245939503764,0.9697709230737986,0.78339170394093,0.8408743629023093,0.7441220637746712
101,3,6.0,87996.03342719111,32386.064077923977,3314.9273461721077,3768.5130079395867,0.9610726236746425,0.7707070549123839,0.7987152408739574,0.7388847767533109
102,3,6.5,88640.62568028977,32152.867663161607,3581.021511489938,3815.538654409699,0.9681127133668496,0.7651575654281048,0.8628293052719018,0.7481050008099996
103,3,7.0,87880.21090044864,32066.625870323336,3358.7424745978587,3755.3967752357617,0.9598076364323583,0.7631052271751815,0.8092722779368989,0.7363131033498246
104,3,7.5,86565.6317912234,31162.112383011252,3283.870985627729,3669.7228725139344,0.9454501029808495,0.741580075978744,0.791232365413198,0.719515193311347
105,3,8.0,87602.11301298722,31881.93160449648,3358.387895014696,3650.4224283994718,0.9567703146812356,0.7587099671234466,0.809186843751591,0.7157309939969995
106,3,8.5,87172.0537107599,31864.69863366056,3200.081314068453,3703.801912858651,0.9520733049885285,0.758299865662263,0.7710436611933311,0.7261970023071026
107,3,9.0,87179.49344377404,31480.070321772968,3219.526186751046,3594.8504075716096,0.9521545600570681,0.749146677032192,0.7757288064609567,0.7048350994845972
108,3,9.5,87615.61424440774,31812.095267504348,3264.1862833977534,3619.31091839755,0.9569177720540147,0.7570480375515305,0.786489434410109,0.7096310227155425
109,3,10.0,86936.25754965194,31431.12534656426,3199.5787991869734,3613.156792656423,0.9494979930524975,0.7479819094455812,0.7709225827343816,0.708424395641478
110,3,10.5,87327.88014600214,31667.572293983358,3225.021002269243,3593.6185707362674,0.9537752058029559,0.7536087534501484,0.7770527549044248,0.7045935757103232
111,3,11.0,86828.8550794909,31437.331936385493,3121.462520433186,3619.41400371073,0.9483249677493487,0.7481296107084041,0.7521008542663186,0.7096512344458603
112,3,11.5,86416.46335220386,31264.162002025736,3116.9052124710975,3676.57275599819,0.9438209192838756,0.7440086008262322,0.7510027936011641,0.720858236208741
113,3,12.0,86992.09960101602,31631.818258549065,3197.3290878568164,3654.4973629996493,0.9501078872116501,0.7527578971285993,0.7703805259894463,0.7165299582399232
114,3,12.5,86459.41168653706,31501.146429033848,3186.712041216952,3535.7741116793813,0.9442899912039663,0.7496482354962575,0.7678224014579625,0.6932521287983404
115,3,13.0,85549.29811438532,31050.01989581665,3028.3165099165312,3541.697088492834,0.9343499381747182,0.7389125560703138,0.7296577867546978,0.6944134349663974
116,3,13.5,87212.6802630481,31708.519158407766,3300.5917838746104,3630.2173625144733,0.9525170189342347,0.7545831860706886,0.7952611585071957,0.711769427308953
117,3,14.0,86146.63835772332,31241.452336261704,3103.5605468678605,3632.021162902869,0.9408739521845804,0.7434681677690712,0.747787462859759,0.7121230948283378
118,3,14.5,85929.3990648138,31081.532825230286,3071.3281551070672,3506.82764565452,0.9385013141340878,0.7396624847112752,0.7400212285322121,0.6875766533411731
119,3,15.0,86735.97974218028,31445.582931008754,3188.8923393099544,3541.98939915078,0.947310604480604,0.748325963675251,0.7683477334289756,0.6944707477300217
120,4,-4.5,84886.30295158939,37999.38733434254,3224.7852001054434,4560.524049809714,1.0013538077311723,1.0110281337499585,1.004648886438582,1.0082777635163633
121,4,-4.0,85260.83385507442,37893.27041544748,3295.8465948700014,4552.71449257217,1.005771928597287,1.0082047411113932,1.0267873380528636,1.0065511630600292
122,4,-3.5,85161.63410040982,37710.529667055285,3253.5049895742054,4496.092679052917,1.004601727415171,1.003342661726233,1.0135962434618029,0.9940327518252909
123,4,-3.0,83502.88264919301,37511.12815896506,3006.8746357169957,4476.032055781765,0.9850344117941476,0.9980372989629448,0.9367610761593428,0.9895975860097689
124,4,-2.5,84446.89563526263,37194.34364350973,3111.09365996071,4482.796300015273,0.996170377966306,0.9896087931387936,0.9692294485175201,0.9910930801620089
125,4,-2.0,84595.2646060122,37582.26575869567,3195.8342625227338,4524.8636276348825,0.9979205994819488,0.9999300167076356,0.9956295175817443,1.000393667231861
126,4,-1.5,85546.95631332447,37203.34753624675,3381.101040860695,4568.55806152397,1.009147147013967,0.9898483546030429,1.0533474897881443,1.0100539881946768
127,4,-1.0,84748.94096370996,37111.537898378745,3228.149256933365,4454.893768918212,0.9997334291209856,0.987405627671231,1.0056969239779434,0.9849241615588575
128,4,-0.5,84150.85630921584,36836.93165811393,3182.512683984003,4429.939456291589,0.9926781760907669,0.9800993352784556,0.9914793158740144,0.9794070590832528
129,4,0.0,84076.71445872486,36930.247951188656,3097.9397929449533,4377.6317810272985,0.991803568271603,0.9825821489303099,0.9651314956215229,0.9678424526357944
130,4,0.5,82492.40290423023,37169.83925694117,2895.6058020701594,4382.76414762104,0.9731143763458991,0.9889568188318629,0.902096407698647,0.968977158001705
131,4,1.0,85404.56357075235,36598.454307051,3311.7139421018155,4521.791916710932,1.0074674235484604,0.9737543037371476,1.0317306479907333,0.9997145483878986
132,4,1.5,83913.33193313035,36153.77011964693,3082.384467132081,4199.9328544285845,0.989876240676548,0.9619228439258749,0.9602853927692833,0.9285553281006906
133,4,2.0,83341.73127487183,34066.05486008037,2784.399621958639,3717.463974586834,0.9831334037788774,0.9063761888151154,0.8674512583068442,0.8218871825498777
134,4,2.5,83517.85469055826,32284.225892959257,2606.270899998592,3316.8367991386153,0.9852110281634475,0.8589680766937403,0.811957074646476,0.7333132669092701
135,4,3.0,83563.08409930064,30367.434181417782,2537.621363223418,3056.117262056612,0.9857445729061305,0.8079690874243598,0.7905700127505556,0.675671270313499
136,4,3.5,82277.71863498774,27666.243725771033,2278.129387947899,2657.333467208782,0.9705818722434582,0.7361000459251679,0.7097279386825607,0.5875049042546433
137,4,4.0,81960.50057580782,25551.63167718649,2249.2625654257386,2512.1880127729,0.9668398373050057,0.6798377632132196,0.7007347750135633,0.5554149662157718
138,4,4.5,80641.76014806364,23449.03657400713,1968.1138601306634,2200.653942263772,0.951283431821264,0.6238952085479231,0.613145767941368,0.48653847911881215
139,4,5.0,80138.52649992846,20518.513115404992,2061.725593203903,2106.072538851364,0.9453470803462092,0.545924433988006,0.6423095470937099,0.4656276528932864
140,4,5.5,78258.74708379936,18185.37151037515,1857.9105012331042,1880.5413242226225,0.9231724277746507,0.48384785938555613,0.5788130372544981,0.41576537693434606
141,4,6.0,78191.65625373862,16430.413798343372,1919.8933923837908,1774.1392321714195,0.9223809966979141,0.43715469549862096,0.5981231738089405,0.3922411366858322
142,4,6.5,76201.83360437627,14638.7326353918,1671.812200469772,1658.508215997678,0.8989082288028976,0.38948445159401024,0.5208360127308551,0.3666764908014082
143,4,7.0,75782.97636848991,13385.63738043227,1742.0619028501933,1629.8759272741484,0.8939672162547393,0.35614405729013504,0.5427215898746675,0.3603462314445433
144,4,7.5,76234.81907906971,13731.286578219295,1771.4729828511613,1649.429461444184,0.8992973390543233,0.36534054933607274,0.5518843114013485,0.3646692858756732
145,4,8.0,74856.26321681483,12588.15689314442,1646.277698050129,1615.2229119677847,0.883035326057641,0.3349259465434926,0.5128809993486246,0.35710662359673734
146,4,8.5,74677.32492853094,12054.214741858597,1625.507923360728,1548.0999280331555,0.8809244962760194,0.3207196507420584,0.5064103882168802,0.34226652816406955
147,4,9.0,73790.10148403046,11801.885954637977,1597.6344193438154,1545.0864154012522,0.8704584429368182,0.31400608189973933,0.4977266827809904,0.3416002762720418
148,4,9.5,75356.24193986598,12624.489554311358,1736.8439336899878,1736.6199307769477,0.8889332810951854,0.3358926290399912,0.5410959848867446,0.3839460642587297
149,4,10.0,74167.57564108308,11960.980734148277,1722.6713583749297,1559.3510316041722,0.8749112836348084,0.318239026410197,0.5366806638266708,0.34475401368585934
150,4,10.5,73680.7979254832,11627.927376151496,1542.7595052299148,1538.694751658374,0.8691690531207453,0.30937766472528583,0.48063096386112547,0.3401871552461617
151,4,11.0,72239.98047353102,11038.55285284435,1449.0769236161645,1507.6881895699582,0.8521725767565825,0.2936965112599387,0.4514451125697377,0.3333319722155748
152,4,11.5,73669.60658096445,10989.916697623079,1576.442343042837,1480.2869897420148,0.8690370354093145,0.29240247667949965,0.49112450789616297,0.3272738920084687
153,4,12.0,75235.44975431936,11924.682981658312,1717.5175595342735,1616.4603385168564,0.8875083667010426,0.3172732727090556,0.5350750504462742,0.35738020392649483
154,4,12.5,72436.65120148732,10564.245991610609,1354.6649586837925,1434.639758936584,0.8544925857033806,0.28107689777726125,0.4220320293564171,0.3171818308145067
155,4,13.0,73242.4040803883,11063.817004983659,1560.3602647782704,1481.4067183263821,0.8639975786801392,0.29436870021823525,0.4861143006986149,0.3275214507145429
156,4,13.5,73695.30758334734,11192.445619999477,1502.1748555157947,1512.7099975295257,0.869340215023737,0.29779104877985935,0.4679872308334319,0.3344422343790849
157,4,14.0,72278.12093880068,10888.316517859133,1358.485989388133,1394.5541698212048,0.8526224974010026,0.28969925835569876,0.4232224324387799,0.30831938261753317
158,4,14.5,72912.4849532772,11214.050999991052,1434.4388987856546,1475.1774029942255,0.860105716710789,0.29836589086401316,0.4468847854679043,0.32614422299624873
159,4,15.0,73059.30994185133,11173.112262595407,1484.9232986087418,1454.0124130242955,0.8618377247764792,0.2972766571112944,0.46261268451157583,0.3214648948053103
160,5,-4.5,73921.42361737265,30737.746120999465,2116.560262788532,3960.7310584764946,1.0056880686440548,1.0113608295561194,1.0070839552557627,1.002622993150133
161,5,-4.0,73500.27677487262,30707.57568693047,2053.0200002041825,4005.7457854473378,0.9999584393441414,1.0103681349353764,0.9768507603468068,1.0140180612890697
162,5,-3.5,73616.19796393786,30874.073082094757,2129.940087555385,3966.639075585293,1.0015355268925277,1.0158463812267413,1.0134502312762144,1.004118553871058
163,5,-3.0,74003.91122859929,30523.098241490785,2205.0867266954415,3932.637426643307,1.006810298200279,1.0042982929398108,1.0492058749495203,0.99551134612811
164,5,-2.5,73192.04451324538,30049.149589554345,2095.3881598914613,3944.3793720613944,0.9957649932128247,0.9887040102652599,0.9970100227996311,0.9984837126651644
165,5,-2.0,73127.46487493868,30064.675824011196,2049.9903403616972,3932.9969156147354,0.9948863985031428,0.9892148683255207,0.9754092130065815,0.9956023474870046
166,5,-1.5,73162.00237783168,29790.919195410293,2061.7192036176198,3909.4552348129832,0.9953562752030293,0.9802074827511716,0.9809899423654831,0.98964298540946
167,5,-1.0,72380.82195033797,29674.611200314877,1916.791373528196,3887.2868471946085,0.9847284518069974,0.9763806130145078,0.9120315975835587,0.9840312599933455
168,5,-0.5,72562.45864057595,29949.216034564004,1912.6268518054308,3891.95039968323,0.9871995872811444,0.9854159070101395,0.9100500697801475,0.9852117958302454
169,5,0.0,72495.57613319144,29805.186104769735,1978.9503933081141,3897.3457490663845,0.9862896624395212,0.9806769053701291,0.9416075811240924,0.9865775793857969
170,5,0.5,72011.93474178146,29724.41741670913,1850.9326849757267,3855.9888954151743,0.9797098057073097,0.9780193817170423,0.8806952686722355,0.9761084685618476
171,5,1.0,72756.84302990323,29707.736903950412,1970.298755976111,3876.3615019867048,0.989844152976862,0.9774705445591495,0.9374910315994059,0.9812656083619115
172,5,1.5,71790.21675003211,29191.07089270772,1771.5292483698586,3720.344553286401,0.9766933711204948,0.9604707371016706,0.8429141913252649,0.9417713387994082
173,5,2.0,71715.08678722661,27101.216431606335,1571.8661590493211,3257.821563575009,0.9756712410870926,0.8917084754475189,0.747912174493202,0.8246878566092387
174,5,2.5,71163.27552773031,24278.777742189322,1347.942038168002,2693.756639687852,0.9681639451955608,0.7988420719362369,0.6413664770712811,0.681899958625506
175,5,3.0,71346.14585112857,22418.942205834046,1387.6499650640803,2536.2541476210113,0.9706518640335782,0.7376480987840811,0.6602599698654925,0.6420296372900798
176,5,3.5,68938.18797566078,20043.83637792835,1039.389463533207,2244.403906044152,0.9378920173389276,0.6595002413927672,0.49455357845899883,0.5681504068042977
177,5,4.0,69723.08860739604,18667.73247132373,1052.1548947802487,2048.8214021923313,0.9485704534644708,0.6142224392058249,0.5006275189070156,0.5186404773179119
178,5,4.5,68546.6435613049,15961.621676487879,945.740678756959,1788.8599175182742,0.9325651239081388,0.5251835601818946,0.4499943990037894,0.45283359519956057
179,5,5.0,68458.49255397807,14039.4377645089,940.9020321807067,1773.1083054955332,0.9313658448362635,0.46193814498047336,0.4476921147656468,0.4488462180815456
180,5,5.5,66796.12735369008,11862.414982346743,803.2277029489376,1616.0792948773976,0.9087496563776607,0.39030779322134124,0.38218506993563306,0.40909575426239425
181,5,6.0,66430.61568727146,10487.093486278136,878.4390076036594,1619.7719062328113,0.9037769339397095,0.3450557346060207,0.41797148221185704,0.4100305051947459
182,5,6.5,65863.79679373668,9074.137787153377,807.072440921306,1515.7070697799938,0.8960654618059938,0.2985654017635423,0.384014440916563,0.38368743966831836
183,5,7.0,64958.35313431199,8558.675965800587,726.0901148852852,1476.736031191228,0.883747058824117,0.28160521563942986,0.34548210964113835,0.37382227619744457
184,5,7.5,64961.699817822824,8165.950055646787,763.2398366474756,1430.731035371974,0.8837925898692683,0.2686833962998532,0.36315837872105905,0.3621765305188924
185,5,8.0,65032.56704569084,8128.400943444863,727.7286832955858,1438.7254707706174,0.8847567261377154,0.26744792180812754,0.3462617595214723,0.36420024902681264
186,5,8.5,65471.64578902699,8698.659759107897,846.9670959548995,1530.078666678082,0.8907303158192946,0.2862110876759281,0.4029967811273079,0.3873254785266929
187,5,9.0,65028.27344408536,8251.841334763312,786.0312143373774,1422.4984544248491,0.8846983124371285,0.2715094680279809,0.37400278093025213,0.3600925276344017
188,5,9.5,64259.39677951281,7392.184972681954,604.9630721458135,1322.9227727109756,0.8742378795885689,0.24322428511101277,0.2878484559081765,0.33488585074295646
189,5,10.0,64559.878455711856,7981.152199545142,713.1402139817462,1417.7524149827186,0.8783258803576521,0.26260301186595786,0.33932039638808686,0.35889111097651133
190,5,10.5,65026.39361903403,8164.288274035018,839.7205338728252,1467.9786731189995,0.8846727377453443,0.26862871887416284,0.399548782725407,0.3716054307633992
191,5,11.0,65347.009758228356,8115.728308031297,814.5095760169268,1480.0189581145103,0.8890346643699105,0.2670309554172258,0.38755311617166843,0.3746533192472043
192,5,11.5,65363.12393704684,8378.553536040576,778.8634002706042,1482.8058731865592,0.8892538949607285,0.275678666266986,0.3705922517486292,0.37535880141449585
193,5,12.0,64444.581646359555,8405.068628287183,708.058010479592,1456.1175281059736,0.8767572873863029,0.27655108955998614,0.33690222493587363,0.3686028899345548
194,5,12.5,64552.050511421476,7868.526535316594,697.4899568273847,1418.363107727856,0.8782193825415983,0.25889730147473056,0.3318738222683313,0.3590457022827587
195,5,13.0,64839.097069108575,8039.053682138189,742.5810355279302,1400.6239081869935,0.882124600867824,0.2645081382612802,0.3533286812122796,0.3545551854874608
196,5,13.5,63988.48353263477,8098.7131055973805,681.1591236155662,1386.6215971886836,0.8705521521405543,0.26647110600013163,0.3241034221560697,0.35101062799116245
197,5,14.0,63397.19679284392,7743.708246292703,600.6071083859625,1345.4072856141688,0.8625077992282905,0.2547904184315157,0.2857758377600677,0.34057760039565665
198,5,14.5,62679.60907071471,7090.030850669164,460.1651635140725,1212.7522733591368,0.8527451434914871,0.23328253979599486,0.21895192926475548,0.306997192263965
199,5,15.0,62642.910268273044,7078.277900651,461.0462679698758,1239.256550684789,0.8522458626883989,0.23289583371698339,0.21937116899817788,0.31370650866823213
200,6,-4.5,63370.0108344642,19256.58172421893,1202.5166482954344,2873.963046335212,1.0178170412806031,1.0089489834964143,1.1344496267445334,1.0148021600730717
201,6,-4.0,62756.20989496129,19491.212892649488,1197.3613662581813,2885.9583458965676,1.007958481246393,1.0212424882458502,1.12958615330222,1.019037724591241
202,6,-3.5,62562.24145492733,18994.267605994868,1092.2146833232275,2828.7777726902814,1.0048430583336072,0.9952050300404349,1.0303911730264221,0.9988471486275209
203,6,-3.0,62313.98514422453,19622.498994483867,1098.884078014926,2877.0587909817496,1.0008556911182407,1.028121226169851,1.0366830545811052,1.0158952737644071
204,6,-2.5,61537.09675826612,18483.73279447874,908.7845583284402,2738.210480466725,0.9883777030606561,0.9684555484088696,0.857343891619541,0.966867654702701
205,6,-2.0,61820.37725830015,18918.71505476262,982.9831564623705,2838.3986734956075,0.9929276110786663,0.9912464526117906,0.9273425665462642,1.0022443081461665
206,6,-1.5,61465.043113233536,18833.474480567547,937.2557804829221,2781.9317691369197,0.9872204138818343,0.9867802710267899,0.8842035341799136,0.9823057300948912
207,6,-1.0,61180.45103067548,18755.90239122276,987.7896116403526,2838.2303231220403,0.9826494398891396,0.9827158798584611,0.9318769580578956,1.0021848632890162
208,6,-0.5,61358.13079614264,19061.714021569544,1062.8367112615017,2858.033203755407,0.985503242355035,0.9987388863296308,1.002676106056515,1.0091773004631948
209,6,0.0,60797.752866639064,18478.117844080854,963.564393097543,2781.1426235674994,0.976502735669054,0.9681613529707871,0.9090229791357315,0.9820270811994292
210,6,0.5,60378.50954337231,18147.134822977245,908.221902955649,2746.5153170217072,0.9697690615975965,0.9508194909788917,0.8568130846834762,0.9698001092747235
211,6,1.0,59911.32156896913,17636.035860976943,776.0879654591349,2671.7596318162,0.9622653248052664,0.9240404506714566,0.7321584312234279,0.943403725743965
212,6,1.5,60169.42497923094,18325.302732726675,903.9859957159251,2798.840259114339,0.9664108511499493,0.9601546021636188,0.8528169459241159,0.9882761520787574
213,6,2.0,59763.305358377314,17987.624894912155,881.5003919460905,2669.0730784629927,0.9598879633445012,0.9424619651166329,0.8316041129542165,0.9424550983252991
214,6,2.5,59774.49859090189,16983.015245329294,701.4034410914114,2439.286927708344,0.9600677433802075,0.8898254224906634,0.6617013353381813,0.8613171440854047
215,6,3.0,59148.54599075757,15621.187162722696,571.6077716445652,2164.4980810141474,0.9500140095229569,0.8184724129420006,0.5392525950519212,0.764288646956728
216,6,3.5,58921.18048999773,13811.665342468277,489.7965657251652,1861.6891952594904,0.9463621799236662,0.7236624810804138,0.4620722149296647,0.6573662174060092
217,6,4.0,58407.30930801032,12615.23864933066,430.787523886458,1725.854242162927,0.938108641078359,0.6609756806317667,0.4064033095690901,0.6094026209388962
218,6,4.5,58199.65503696834,10995.233398653625,271.0354223134432,1511.0667640031413,0.9347734032745763,0.5760954732129318,0.25569378529093917,0.5335607283052582
219,6,5.0,57624.345916897335,10152.258301051952,306.9277664763231,1485.7562440898494,0.9255330793626548,0.5319277761616787,0.2895544860939453,0.5246235325701446
220,6,5.5,57085.23573374419,8164.3546273256425,230.20930143877655,1297.98645959308,0.916874164454552,0.4277715235297594,0.2171785783261587,0.458321642172925
221,6,6.0,56590.41599256236,7149.243862944914,281.65857671883987,1234.8141611621047,0.908926620209175,0.37458477478451985,0.26571562870336485,0.4360153759228136
222,6,6.5,56049.515997347946,5746.86493948241,170.9725488232712,1141.890048410413,0.9002389582456013,0.30110710312046024,0.16129485148588937,0.4032036839062658
223,6,7.0,55387.66826814754,4117.521650589061,187.90646147756848,1079.9797291021844,0.8896086949926452,0.21573762900304244,0.17727024019857218,0.38134302503491435
224,6,7.5,55049.62356516235,3620.711014698348,190.62957421981724,1056.106997223196,0.8841791920640163,0.18970722582708763,0.1798392143898288,0.37291351516054944
225,6,8.0,54732.31307325222,3223.883947865256,168.94410510073982,1103.6622642161544,0.8790827115397046,0.16891546374599314,0.15938122540249175,0.38970537604715494
226,6,8.5,54643.69483503277,2908.471585961855,205.06401122612675,1030.8737477341535,0.8776593702487645,0.1523894267534361,0.19345660729435704,0.3640036037684054
227,6,9.0,54087.78990255174,2525.792893512579,76.66439806392515,1001.1546130040964,0.8687307065770926,0.13233896903035886,0.07232490119076251,0.3535097172314778
228,6,9.5,54282.37419200556,2716.8474363829005,88.80374331481022,994.1476829104907,0.8718560209515674,0.14234927561446792,0.08377711327307392,0.35103555605409614
229,6,10.0,54027.23093763742,2467.5569327441535,108.03587975260695,950.9733435807574,0.8677580391326586,0.12928769470443105,0.10192063755133259,0.33579060957943263
230,6,10.5,53556.167236457,2458.1258127225447,25.323198614479722,972.7107237852459,0.86019205237841,0.12879355098280326,0.023889809140601882,0.3434661224618873
231,6,11.0,54004.50873757807,2432.2708898515625,160.91213670647727,1032.6872011594862,0.8673930866554339,0.12743888178332397,0.15180389700557426,0.3646439378379635
232,6,11.5,53942.346841704115,2517.3289844388587,71.35064682105218,953.7658700013425,0.8663946737451995,0.13189550234563588,0.06731192850332782,0.33677665630236614
233,6,12.0,53739.17216138557,2402.470891730424,57.55225060768275,965.9160163682503,0.8631313848604123,0.12587751028743155,0.05429457406077679,0.3410668975405285
234,6,12.5,53812.627788142345,2530.100934335914,144.70822298195623,1083.5349144962413,0.8643111919601191,0.13256468891521767,0.13651718650336148,0.38259836818274984
235,6,13.0,53446.640735948116,2267.4990589791005,64.49583454557482,941.3753627576511,0.8584328931606379,0.11880565841852883,0.06084512470618935,0.3324015431528311
236,6,13.5,53579.28843604115,2730.737201789303,-12.614931913923968,985.245543985557,0.860563413384061,0.14307703014995582,-0.011900878729159032,0.34789219280806793
237,6,14.0,53283.67755952162,2247.195564286026,7.055003217305099,928.0256322736304,0.8558154610995737,0.11774185640914946,0.006655663169319333,0.32768772633850124
238,6,14.5,53143.24318805891,2295.8265851338138,24.01828410127932,951.2523372615227,0.8535598753015903,0.12028987971637319,0.022658757758043373,0.33588912281197
239,6,15.0,53063.35978365226,2360.4920498922793,-20.74714509343353,901.7755685157513,0.8522768284904892,0.12367802803209008,-0.019572777674740246,0.31841877577300237
240,7,-4.5,49280.852626517146,4857.505954149619,274.8652457127697,2667.8169716693124,1.0305808681713244,1.1979194652098748,-2.673606924747334,1.252421782226185
241,7,-4.0,49071.22759732384,4565.64160837632,134.436643163831,2452.7663153862227,1.0261971058567043,1.1259422027416934,-1.3076616476941032,1.1514650340417512
242,7,-3.5,48395.54801930448,4271.635546300684,22.745867464495042,2201.3694273842407,1.0120670247195502,1.0534367672415605,-0.22124844705179023,1.0334453415886562
243,7,-3.0,47983.40766040616,4399.246553505232,-85.64050459362709,2144.4996279792153,1.0034481809649411,1.0849071783842943,0.8330229073763902,1.0067474922676363
244,7,-2.5,47153.81523956055,3512.7809594157893,-191.86584528659336,1997.7030548909397,0.9860994130005779,0.8662940875467178,1.8662739672689908,0.9378330098858576
245,7,-2.0,46749.994030801645,3514.9924310099923,-351.2015804652245,1796.6759980912384,0.9776545426355547,0.8668394630736775,3.416128419870324,0.8434597198789244
246,7,-1.5,46094.800057839675,3262.8610808117337,-522.9881416025603,1650.0549104013312,0.9639528646513464,0.8046608358021816,5.087091724977524,0.7746276201109883
247,7,-1.0,46025.20407037424,3345.757561571248,-522.0138929020475,1570.5694944655634,0.9624974455715074,0.8251041062451928,5.077615233814145,0.7373127415625645
248,7,-0.5,45351.603400131426,2810.0666658456457,-614.8857955442212,1482.9332664690512,0.9484108393838927,0.6929962802574109,5.980977757419799,0.6961714181432542
249,7,0.0,44843.18741316431,2980.3902023304468,-780.1037923617273,1321.7515119127324,0.9377786412518576,0.735000115489816,7.5880488123241605,0.6205037308740429
250,7,0.5,44588.7723672382,2847.2996185787256,-732.318669143991,1250.9044501867488,0.9324582122224845,0.7021783747822964,7.1232441914142095,0.5872441766187806
251,7,1.0,44134.91356961894,2628.198846888037,-859.7589583733434,1099.4946577400376,0.9229669358190002,0.6481454859442365,8.362852490716817,0.5161639922896616
252,7,1.5,43562.96215034245,1213.7303261191169,-991.6358248615481,998.5778620189892,0.9110060593565541,0.29932051486865463,9.64561525885991,0.46878803115900497
253,7,2.0,43019.40410575793,673.1639611922366,-1120.6093756786197,965.7049620465173,0.8996389564832569,0.1660103394625971,10.90013755279194,0.45335566214431017
254,7,2.5,42566.99076450829,641.4469831614648,-1113.761270450903,911.8717598669809,0.8901779080405506,0.1581885507258817,10.83352621562291,0.42808336058366375
255,7,3.0,42220.34707873732,-204.35229763274486,-1200.2474487681172,839.5360627248497,0.8829287568674695,-0.050395737525654245,11.674774968786373,0.3941249580038067
256,7,3.5,41831.428676471,-488.63081100316913,-1357.1603168053684,760.502913611947,0.8747955399425708,-0.12050224237027345,13.20106225723009,0.3570223986760603
257,7,4.0,41952.719061505566,-566.2875526350658,-1322.926274356708,770.3637867668767,0.8773320129061595,-0.13965333004442304,12.868068638064143,0.3616516414097834
258,7,4.5,41424.861894337875,-773.8015732511207,-1327.200980458483,653.0171125088232,0.8662932530508274,-0.19082878653307164,12.909648590470741,0.30656258077582765
259,7,5.0,40811.367969152314,-1284.505967615988,-1425.7988912849937,602.2302722849508,0.8534636231167185,-0.31677464038329034,13.868707843188528,0.28272041108342233
260,7,5.5,40889.30897217547,-1291.0095805799679,-1457.1141571981125,608.1062065604542,0.8550935564940995,-0.3183785096605039,14.173310600727069,0.2854789016979284
261,7,6.0,40414.19721571936,-1584.2244396097858,-1509.731039026694,520.5741136446441,0.8451578297290256,-0.39068882496141016,14.685113608963741,0.24438646508185466
262,7,6.5,39986.52194655409,-1835.9542276155184,-1618.741552409937,382.7766216172718,0.8362141137277609,-0.4527684221603834,15.745455969439037,0.17969665225588988
263,7,7.0,39860.96479935157,-1897.581264632494,-1654.1714715473731,371.03659579702713,0.8335884125299805,-0.46796639163745185,16.09008184930773,0.17418523066388614
264,7,7.5,39519.279126331065,-1939.3587204451173,-1646.2569425368783,351.05733253791465,0.8264429452992919,-0.47826921534930633,16.013097436404962,0.16480585240658135
265,7,8.0,39264.37296851606,-2118.974250378179,-1733.9270418979456,245.47385206163932,0.8211122459419952,-0.522564568065651,16.865862158031412,0.11523908969534562
266,7,8.5,39044.431353736894,-2082.4823414539946,-1709.4887599570907,259.4317045500666,0.8165127390701489,-0.5135652238681204,16.628151640441004,0.12179168257380983
267,7,9.0,39121.76568975018,-2017.4030400761221,-1693.97159506061,327.1424495221591,0.8181299855847747,-0.49751588442547606,16.47721659075113,0.1535788751714894
268,7,9.5,38777.41349186359,-2144.1618783067897,-1766.2806793592617,219.98736929461123,0.8109287549213322,-0.5287761404369357,17.18056512796502,0.10327431605879987
269,7,10.0,38896.97010981294,-2032.8289567287402,-1737.3353780913387,221.819536719147,0.8134289706553345,-0.5013201012398868,16.899014953412628,0.1041344374297716
270,7,10.5,38688.23719953694,-2113.0246066254213,-1817.3996301802615,119.63974482109873,0.8090638646877397,-0.5210973142671447,17.677797801184333,0.05616555559288185
271,7,11.0,38626.71532135024,-2329.1186806557866,-1831.3753730220635,137.46836636201581,0.8077772946051625,-0.574388715253764,17.813739479600006,0.06453530291889117
272,7,11.5,38470.12415792424,-2215.406239756717,-1875.4989656361925,49.66662223643158,0.8045025976681073,-0.5463458579365937,18.24292848984374,0.023316277015654547
273,7,12.0,37888.87697756598,-2377.6570393191946,-1903.1234477849487,2.0358503269740567,0.7923473245380838,-0.5863588590273529,18.511631092000485,0.0009557414627507893
274,7,12.5,38159.49641459794,-2188.6133015049086,-1820.269863459034,10.726563316088729,0.7980066262647418,-0.5397383967075263,17.705716483845965,0.005035645881318386
275,7,13.0,38284.22168883517,-2240.5203316788084,-1806.2598796344075,40.88718763227331,0.8006149310029018,-0.5525392954431073,17.569441744302278,0.01919472173257305
276,7,13.5,38102.17550109811,-2193.9237976264594,-1837.5522763828678,32.672441250806564,0.7968079084331586,-0.5410480290031888,17.873822054085245,0.015338262532834527
277,7,14.0,38131.279659611595,-2113.493724766454,-1839.391228964724,92.76871871904044,0.797416546217402,-0.5212130044501173,17.891709496873375,0.043550800248579415
278,7,14.5,38019.69000074828,-2306.168103060637,-1916.4079736944607,-42.000780242542035,0.7950829387130461,-0.5687288264345742,18.640849321724488,-0.019717504088498306
279,7,15.0,38008.30989354732,-2280.459811135016,-1862.651638634655,-65.0044648759867,0.7948449533671363,-0.5623888520514876,18.117962882253988,-0.030516714083912877
