"scan_pk","timepoint","scan_id","peak1","peak2","peak3","peak4","peak5","peak6","peak7","peak8","peak9","peak10","peak11","peak12","peak13","peak14","peak15"
1,"-4.5",1,"70882.64172059142","40089.83127511511","5465.875855062783","3253.399928462868","3430.214088166827","5177.2718675962815","1211.8906694279965","268.2665425090023","163.70669470191237","180.30234574365684","781.8650788612475","194.45657368192985","39.74166345409955","89.91559794673009","102.4996201438059"
1,"-4.0",1,"71143.06232039437","40074.72195858618","5521.975940553529","3270.297217387878","3386.4701554016215","5240.4351876315","1257.0957285811116","287.6124053672044","175.76561823707547","203.97425957249746","768.5016612110838","158.39313766514795","34.80048438186961","119.0788058053652","72.1874692369001"
1,"-3.5",1,"70612.18470143806","39643.859368922276","5508.157353106599","3317.7512869729526","3459.462939926369","5167.279557084586","1265.9795030640562","269.6357084956977","183.0308582612548","203.31720898895358","813.4075297474322","192.17191563756194","11.031657875612355","70.36104355520212","101.03380056287115"
1,"-3.0",1,"70751.48119998319","40094.98305035951","5432.687977319151","3202.0306217069974","3439.9353766384415","5168.2460278093895","1262.2690554419637","285.6789459217968","217.2782104412448","188.96135249307125","787.5117183666101","178.61212827022962","3.072307909421143","95.58236308323154","73.04910738445513"
1,"-2.5",1,"71652.00802767804","40286.287098414294","5584.922023948413","3374.784809932489","3534.0270554338576","5270.038408518078","1280.0274627156116","351.62413482396636","229.40092632669493","226.96351254194886","809.7964612625705","198.40157176554487","48.921410905360716","95.29661896454722","86.6272452960596"
1,"-2.0",1,"72032.66643488844","40096.68316675564","5527.807132164519","3385.9590799537923","3579.3657571992226","5272.011956716597","1305.8420574377064","350.4577304352269","255.05983054098428","226.01363212825552","837.4402142994282","172.23970694967295","48.02898209476572","135.64247484712592","109.22041314172732"
1,"-1.5",1,"71574.77424388143","39510.672219397566","5440.334326299532","3353.070331039721","3509.389721541574","5228.524317203387","1325.8952847095425","350.88616474246413","212.9146169916772","241.26701690584903","827.4037769259954","200.44478036316798","77.24094499435704","74.65817014113264","80.46387731621515"
1,"-1.0",1,"71981.2785103161","40430.72722551031","5522.883567643734","3328.4812370576306","3472.564702195009","5243.994646702259","1339.1443634682998","320.48593789120577","253.54278662868123","235.66690471369432","816.3579107089844","193.48412671115818","5.650826025130955","97.70070245924131","98.7166787629886"
1,"-0.5",1,"71817.62679190643","40300.472729845846","5582.701283626476","3395.9551765008123","3540.7368631622808","5312.1714010910155","1320.1074457792993","350.49251274769057","211.76332897766324","243.83543543173803","828.852439556771","208.1349074240128","37.94461336565516","73.59793246344594","75.33972711791246"
1,"0.0",1,"71977.68017498562","40367.78407157162","5619.102894023094","3290.2387788581264","3482.89159523147","5245.385357087379","1339.0992412456305","334.79754324743925","238.92143373644157","217.76016265139677","807.7391212361623","194.3465140724337","74.14462920992125","101.9677518903373","68.95449546924974"
1,"0.5",1,"71830.09855876409","40188.2054177794","5414.073046252009","3278.2660946932847","3480.222833439243","5158.247580538567","1259.7011793680203","312.79826657295865","217.09746110312594","215.3125624477964","820.3765630151446","193.25343520949707","40.80120967046079","100.65333395340491","105.70724310936312"
1,"1.0",1,"71485.16142688734","40261.71880264062","5434.9443809578615","3310.585644762898","3517.9890894763935","5218.932527791521","1259.1894653470638","323.20750366256124","191.76541324652757","178.36329412724126","801.6002916707788","213.49698984377767","30.067676712821797","81.0219809479641","56.04447295658687"
1,"1.5",1,"71778.35668483321","39588.3497085397","5411.667627808112","3496.6118351961795","3491.947231484163","5090.236989543169","1293.8232364802307","396.8622091726156","241.34432567986696","210.37251397384037","778.1330181315753","235.17145982179716","43.618665130331436","101.34051718580899","97.68016889726944"
1,"2.0",1,"71693.98343166197","39290.01263591721","5467.281375876102","3482.0041977753085","3375.638359532582","4963.761714249277","1239.6672793399478","388.16344552996287","255.0493778467006","202.07900879764682","733.4384502127319","231.41946659835605","82.14972675306693","119.16075508011937","106.04335543467342"
1,"2.5",1,"71742.32775207756","39013.37383222412","5484.006644343836","3466.15078425084","3405.7364731916045","4892.784070798221","1217.067948193624","386.84128111427816","269.78465885687257","252.91846499248416","700.280647975061","237.07856127299385","66.59690028212775","105.4161206751865","117.15956704569824"
1,"3.0",1,"71570.07407574772","38726.042712624905","5506.020954365266","3475.9427906414744","3325.1257520617664","4819.922951988269","1199.2483951857573","435.56626395484955","280.7107485512039","266.66297805291725","674.8012411061974","257.0575760319051","46.52808791556319","110.96094167991606","77.38571137407526"
1,"3.5",1,"71256.17937809344","38629.59515874918","5373.203445493985","3432.4392820317485","3290.6453200692495","4747.369482717278","1194.9905059334412","392.20451351489896","297.8541181258114","262.06696039382524","667.2489722632291","234.97782506714805","76.12127033899104","103.31877284823469","109.99718839843372"
1,"4.0",1,"71266.13035996971","38340.6514788662","5358.509500832553","3478.1014037786194","3258.1971563955467","4736.269849529789","1180.6246931279338","364.1100909008057","270.6760889170949","256.7299438328644","646.6335679249714","226.9789754675279","75.91501082615035","99.8280518401171","75.81105672382405"
1,"4.5",1,"71565.21861917291","38414.19636092172","5460.98515632275","3539.8804152091034","3276.0930374958107","4716.375117112807","1183.3514459555902","394.5463984828855","291.6377897203032","268.15837982526915","656.4594901147805","219.27066521186578","60.092606975805865","74.74842740576224","104.12432170503105"
1,"5.0",1,"71131.1471334968","38314.05105801416","5569.913756539731","3565.178109116706","3271.5873176484583","4731.234544109747","1230.726865596421","368.0947023894843","261.92104402547085","269.08103368883263","666.9322600622639","225.07482059611505","80.25395525149018","94.52620883022456","94.00030777608727"
1,"5.5",1,"71548.56344118004","38366.36701415275","5523.065713456133","3513.762122500619","3318.7672607278073","4698.540900316465","1226.3289047768174","375.5866382479359","300.63740055327787","276.84227193120506","619.7733586444499","234.9466787902137","75.41690739018802","131.71958757868975","94.60368179329244"
1,"6.0",1,"70774.48021234285","37751.41657928704","5544.332111767871","3566.9724877841863","3278.0131330771496","4680.267554852831","1257.2493294813235","372.27850548594773","326.45363238356606","285.85967450262916","636.546300981016","244.83297910581484","96.2959375144544","134.68847936754725","94.46692959420871"
1,"6.5",1,"71020.49311279996","37811.102487440774","5529.344589664501","3429.2592166658446","3250.368284491688","4668.299956966064","1190.2599245911426","365.09707657764505","273.3506359460096","287.3384941514585","651.2766785812514","238.41945060711544","81.22128419088446","72.33399349813413","109.54472725908518"
1,"7.0",1,"70968.02379860698","38106.777037210166","5613.107432659616","3507.405305693159","3215.1023636723244","4667.255244842529","1161.4918364714044","367.89101713940767","286.9640640874471","272.454004587311","620.6368897682537","192.43744626324576","69.21077290733794","109.96938906069391","106.36841684138945"
1,"7.5",1,"70931.87115103632","38069.179747491726","5610.112028151589","3563.95342740396","3204.916669513407","4736.8145758017245","1241.0822600208194","380.00644996215874","309.56416863909556","281.00881562050955","630.1094684488971","216.27246512494696","64.52710294873052","91.4105718419051","97.26841378784282"
1,"8.0",1,"71119.52804502753","38231.40724765392","5748.759372167545","3585.8845394983537","3220.3843353682187","4634.992659312076","1233.1410108048422","366.91563925576173","318.1642833308325","296.3742243572179","593.4211717049599","222.10336142461085","98.63294542787274","116.41312478464039","100.25438238936961"
1,"8.5",1,"71181.50028679427","38178.06009556071","5628.907120596407","3503.1180071316417","3198.4684425126156","4656.277515207082","1188.5931236512563","404.8804892572616","326.0093734299643","278.86668314364607","621.4998052621493","235.34865127436944","69.41035601317274","88.23435507458868","110.16633755071412"
1,"9.0",1,"71376.13403247221","38042.99156784215","5639.710863479259","3491.1504752694586","3240.8249450678195","4639.705342212766","1219.6262821049593","372.0014878461529","318.3977359149559","295.63990921828946","643.9541992719298","250.0649785164045","103.1885523653775","121.88496040861202","90.0469140635749"
1,"9.5",1,"70936.00756718528","38079.12916496988","5620.9508974514165","3531.130948634733","3217.9320040930943","4559.036899198959","1204.5157673166084","412.4491688113669","306.78894793525853","287.06721663448417","611.7983322230689","230.63048624942587","74.09306497824579","102.60599444718723","113.02738275762381"
1,"10.0",1,"70791.98667117047","38038.54037540768","5590.013878847315","3495.233072072217","3163.7400032969626","4611.120227505233","1186.8806590414986","353.34164322015266","294.0051254849687","292.1327661718788","597.7039050945273","250.44738733294082","97.76803251798877","122.75430599958423","108.67971746955818"
1,"10.5",1,"71051.18851806725","38069.789688055454","5636.146538477787","3519.9089469651835","3131.5467586100817","4660.463426947223","1213.0462626239503","357.7506704648378","297.740412997529","317.47836402243666","618.8218631350755","232.98166969524425","69.96344138283322","116.94412594531929","68.93546950457797"
1,"11.0",1,"71063.60720469287","38079.42207097476","5642.277015255181","3538.7822627840787","3259.700105450613","4617.521192658139","1223.3579504896738","418.10166171318997","301.63695833554095","291.2700210025401","616.4681960564412","226.34909045658117","79.18585207527006","91.93052397640922","137.1250257737722"
1,"11.5",1,"71407.45492615642","38256.84635109748","5630.820474243567","3458.5732625998676","3204.707656158047","4628.488544743114","1224.65229405508","369.66932423635126","299.4763097681478","269.6894129325563","616.836949630376","241.0128417237637","74.3308853185333","96.77285793161587","148.92009743290404"
1,"12.0",1,"71478.42260217541","38020.416202566434","5559.4984944326125","3502.632900024729","3268.83948573053","4657.3082818922085","1234.0308891957222","364.12813817246496","329.40758268864136","295.27903713640904","614.6391219108168","218.4680330461323","81.58319555807383","135.67138579492286","98.72002351949205"
1,"12.5",1,"71450.10062195612","38174.72549289296","5601.974516786868","3511.1592585577946","3186.0705098948406","4595.720476616634","1211.2421711829777","366.0940435435909","301.31520743639715","272.0114558716528","594.616714467267","223.52129052579437","73.36852254747302","105.1224306529935","124.58453021455882"
1,"13.0",1,"71576.07001869593","37931.611892760855","5546.209514735936","3584.1159449099573","3183.6626121706604","4640.750155198122","1267.4832957207968","404.9691484601178","339.6300655046781","298.46366466608885","601.7767131100748","227.25841827351826","90.11320685204213","140.47027568599862","95.23974547104235"
1,"13.5",1,"71167.80872224178","37852.5643245897","5442.650701484507","3516.954435821908","3180.4257008441396","4558.693571358531","1191.672115323499","365.81857074770704","328.46519211478073","295.86506685767137","548.3189649053262","224.59065245830936","74.80661989814233","105.5841386949649","115.0858150305133"
1,"14.0",1,"71326.51093669303","37863.53793351549","5579.3099516042075","3520.692852155251","3277.0807025351933","4648.431402515606","1227.7427822012248","350.09635096927605","308.29734290874705","315.2279092538093","615.1661905815099","240.63279758778833","79.48371576750536","78.6520133384775","82.7030961921226"
1,"14.5",1,"71957.28005257554","38160.28598816188","5603.4055551817755","3511.862793948511","3252.691516253915","4595.271538009738","1228.787330263508","397.1787551604609","326.2034295067864","298.5329856758961","608.1954192443268","242.63814617680612","66.70641908877084","120.33717916294658","126.78302572349942"
1,"15.0",1,"71690.32683309227","38159.50878924076","5558.030895494557","3469.8717729101427","3291.424235980676","4632.037050581659","1189.4447342071264","370.24058275342503","295.4754216618936","286.44022784872396","611.5078484562544","246.1938432486869","75.1630640538435","117.5402634015191","111.02975381711526"
2,"-4.5",2,"72889.18784136753","39182.31259529179","5504.210409436242","3447.2179629706893","3479.955255701117","4875.260717145298","1250.100596511615","314.9186444377983","119.46283231040076","218.69558728412363","766.381913402851","246.61764751021087","80.73848087057421","30.349962179714115","189.9099787825922"
2,"-4.0",2,"72552.30414106748","39391.044351848635","5529.792073569334","3377.932877694681","3428.2788561533303","4907.358393787076","1226.2320427083903","276.23625408973817","96.48605130661471","225.13145466009206","738.1811020746792","272.6463924827656","92.83367769421487","40.148025745958876","225.53696288108864"
2,"-3.5",2,"73263.13217236008","39245.281634696636","5505.636047761093","3510.6830189332436","3512.827222959554","4896.870674762856","1280.6431967186807","387.33421549266995","162.81529377281396","233.6395559510491","763.0176175016403","294.09433649145876","100.02260751872949","56.44973800057643","221.55714313062134"
2,"-3.0",2,"73068.17263741067","39482.52539202356","5537.271940071382","3512.2831553846027","3526.4595773759816","4976.295119574677","1279.2591495723527","359.86434897775666","162.9927605806111","248.6378095326193","763.2378542735538","318.48308153568513","132.83613661806703","38.770976053240474","244.84760607361642"
2,"-2.5",2,"72698.2923831877","39283.866862430885","5482.559573941741","3427.0670164352746","3494.4257450498894","4890.660499757486","1260.1624202301055","336.06942745074934","143.29164166273227","242.4437253224583","764.299280069596","289.1959575021847","95.24459205264087","59.04417589083232","237.99458537431684"
2,"-2.0",2,"72186.34681721503","39227.99741063032","5419.0106282195875","3388.089073252835","3379.753777750741","4891.045804615168","1260.0326811138746","294.6396571742343","100.58731084161363","221.32243713321856","742.4469689152066","277.341935854927","101.00879346778741","43.03514433195505","209.1132239816488"
2,"-1.5",2,"73026.98157039954","38665.51426559847","5416.183074999327","3476.424339630533","3502.581720086571","4936.8226228637195","1313.2743810677002","371.77411086229426","161.97405339346284","251.97269325940718","762.042268195654","293.203073015934","99.76062528653459","37.77452119420104","214.4289644894322"
2,"-1.0",2,"72565.69951091571","39361.22123213555","5558.272017041966","3459.1860889445447","3382.4062647798073","4904.149746582895","1235.834876410728","281.5850571146939","123.70986955454833","202.0217048581515","719.8598460738275","255.9712517688872","101.6968981142047","35.56172874239519","235.9232420884868"
2,"-0.5",2,"72808.17973613272","39496.875131687","5520.072354741103","3410.5321582914025","3467.045839420427","4918.353527333821","1323.722030518604","322.7792126417603","145.6932637041278","221.6249142035502","725.1761823365485","309.4461613872834","117.11564003230932","55.13669766587056","215.28999643687047"
2,"0.0",2,"72855.65011311155","39376.57900928701","5480.320109054063","3436.539463456294","3472.7053449507607","4946.638555575643","1273.4550083453166","332.07358423062124","111.87335673770994","228.13909100936488","758.9313224256385","301.3388633411725","65.36560497310934","0.36976324853435827","205.24321424402768"
2,"0.5",2,"73025.58562570355","38792.85677252017","5354.588170003366","3553.4145762852504","3433.4984142024064","4764.708522187097","1205.876283905147","381.3086298377177","150.6206553357277","237.17043839780425","696.4991723803647","287.25563382465384","112.48952854035132","53.20213432089464","201.94874581111497"
2,"1.0",2,"72345.93112502446","38036.62722108173","5357.045429820063","3658.1116586238422","3327.252479363531","4585.9007369497385","1174.6243843366767","376.1863785236869","180.9803207933847","239.3512778918726","645.7468726306034","356.31185705663023","137.42071327029225","66.90125213618036","213.95260602205718"
2,"1.5",2,"71443.36936837384","37851.84132413834","5440.492519676347","3592.8281188724764","3130.9861337105503","4456.445107250165","1163.5111164534942","372.29578588920594","171.08680064593415","251.6177166048981","598.0293514931158","333.2894397989582","139.75164893667215","10.297086998381022","219.44972884995485"
2,"2.0",2,"72595.5765883907","37226.12182016441","5376.253521646108","3640.8472927512857","3275.838624769149","4471.676351810651","1226.9719744677402","441.41669494412963","230.48453176115714","294.173317832046","597.705603839769","360.042105854977","134.3456353680151","74.41477480457208","238.66207937128996"
2,"2.5",2,"71081.38191016673","36853.41558950793","5600.957238550302","3601.437323510973","3037.61676359104","4214.747506074074","1140.6090465168206","377.4094376672565","207.41779254615952","284.63189473320836","542.5348774662183","367.72157893264574","107.92061829035127","83.01594414009561","254.76078402754746"
2,"3.0",2,"71507.57350928361","36532.70608796479","5675.316467841645","3713.7069180369263","3017.215963919427","4221.757295279779","1177.9952409777798","389.09346615867594","233.10214921552898","294.96186300956515","517.1143926306933","338.8664149535443","146.7825626746951","60.24064402303681","245.96820262253533"
2,"3.5",2,"71590.12958098904","36504.47159502465","5542.821861527086","3658.9784541433905","3077.1213574330186","4228.934837639367","1164.1824433150566","406.51194017882494","220.95133279815883","303.5766810972639","516.5205697290165","329.53164887817405","102.01441535257639","48.189865286165514","214.56047713849426"
2,"4.0",2,"71845.47285305103","36228.60825659323","5760.099599711642","3771.806137794992","3048.5108974461286","4226.863669859391","1188.0536846394436","401.4155592223974","235.9762209623064","275.33920042980594","491.167362134281","318.7114515653993","117.42250927280087","70.99264410197931","223.5631959602219"
2,"4.5",2,"71226.13847493936","36168.833951538436","5618.889756834893","3668.1127966366766","2935.0568705278947","4115.1175945998875","1150.0081145894499","368.42261598849655","260.19671999492203","293.9556713706743","481.63146865527017","320.85301057842906","119.84947736282946","77.30986698614949","257.0749524649903"
2,"5.0",2,"71620.9959089564","35935.223421682545","5729.808789882681","3719.387676175327","2964.8144269127242","4103.154835900665","1210.1526237154212","341.97771498006705","226.06717843294138","281.3698359192931","485.0262271272767","324.7674089380509","119.45259458282042","72.35433062675521","191.5207239880162"
2,"5.5",2,"71099.31025163381","35013.83621388259","5543.350539436747","3699.4462003993312","3102.338854069028","4130.456467892779","1208.2183321928264","439.8124375853779","249.3309467985851","335.9830103333293","503.2600325620573","350.1356679066054","162.49875157946235","82.83937280116267","220.51519616704758"
2,"6.0",2,"71536.45823121107","35722.891009605264","5726.270053611862","3728.0644686549667","3052.149473228688","4150.219767901759","1161.6216601045421","407.7094186102686","241.27425166274912","320.897743243896","492.7704449651725","324.3078094285044","135.45456580940277","48.3538596218516","201.93318457606864"
2,"6.5",2,"70567.65137336655","35891.49962202733","5828.19729234188","3641.1863212311587","2853.349399780723","4068.608504157966","1204.5117193903443","342.9920454247781","198.1931994705556","304.31949620526507","445.7595837555024","315.49457682734254","91.08022871101706","22.99312499787698","199.2558054243687"
2,"7.0",2,"70562.52106268807","35062.301018917824","5672.739237280458","3694.206106373922","2997.6242870950837","4097.373273804095","1178.9633730920025","410.5238910901203","245.34737128073408","329.39553196488237","500.668009666423","317.76432085168307","102.74521004007896","64.12812352291691","214.56049061795756"
2,"7.5",2,"70987.9564524503","35555.53243207258","5795.92525356707","3674.0370215399967","2918.657761232554","4024.5817951152794","1180.8393525309345","372.01234730347096","182.64305451960269","296.47443458943167","486.2568353600153","314.7802163194405","149.23065954842468","55.74292851069255","191.1216325836338"
2,"8.0",2,"70628.69065571425","35294.91563494687","5731.788467807507","3625.777634305339","2876.4504405000657","4023.2061575761018","1099.841985665473","357.17944637538653","211.11884857798196","297.4474131593786","455.7302318241701","299.17067776735075","114.71016982330819","16.76262671903169","163.76683745984195"
2,"8.5",2,"71035.67936628086","35342.91309204445","5781.635193469848","3714.5247950732696","2946.958569705177","4076.926348128154","1163.0863190893022","345.2277710942535","229.30838920177737","317.0436902709828","457.68654374070354","279.5742752718277","115.21996385889541","59.055766097653986","232.95924065500486"
2,"9.0",2,"70443.36903826239","35354.261462942755","5742.796695676315","3569.6457151026825","2828.9259816008316","3985.8121238862104","1124.3029765672625","332.2519336603457","200.87531363408544","300.4444583331758","471.714758978556","309.1153209268975","110.08844460896192","63.14995119201127","188.53434493155038"
2,"9.5",2,"69812.96068241331","35248.02856318976","5717.719481718094","3507.7537955069006","2797.195109972564","3943.0609879396425","1106.3503732106292","316.8812957784012","182.72155032919187","288.09340872086887","442.3799800053388","282.05851162488807","101.33492604107458","47.391086587859945","226.49159674368076"
2,"10.0",2,"69967.39323840485","35215.12063483269","5717.342122478645","3594.921538517762","2771.708356466","3948.7536020993284","1046.6707533272727","320.4518172727062","192.17311481436406","278.82224800359813","424.54930967186885","277.63266416557894","114.20199542263752","49.824650590857814","243.866994353366"
2,"10.5",2,"70109.81091766855","35144.82144185401","5714.964070288689","3600.5949850843995","2888.708470027624","3952.097698226351","1084.9985962063556","322.50944336276234","218.05500247255148","260.66781345420736","438.01755697319174","292.62069103301405","118.70168410229347","30.932418380256426","263.4475411762201"
2,"11.0",2,"69442.07373078952","35027.939846582216","5643.493975672773","3496.541215734536","2744.8788675899486","3888.3799059642733","1092.7356218569557","290.259292478114","157.47668170271328","270.142395863664","429.0325579874499","303.51105520965666","116.00010308383638","51.281111536700806","226.58839884601986"
2,"11.5",2,"69609.44699151785","34998.28248080132","5637.385259356097","3506.4897152968306","2745.624772844677","3924.037891231123","1078.7956714982054","311.10880024112475","174.2011569713689","253.12688283109404","401.3404984912828","294.28681590903693","100.77720831498662","31.34389608065931","241.80176066524035"
2,"12.0",2,"70107.93240191486","35039.493617077205","5519.5978479317655","3526.6241160274817","2842.789963023567","4008.6008099482224","1118.0974628656531","302.06713122616634","192.18918810585257","240.8487832961214","447.8671912469232","274.1609941935683","65.84916161943804","71.86742969505282","251.26474376316668"
2,"12.5",2,"70123.40339483369","35265.064370014305","5676.671642324565","3597.6675311863673","2920.5872632562414","3987.7505827076875","1120.0846404790682","348.1879115000261","202.8853324927484","271.06652009127015","455.8274655830181","265.03740400397237","87.97397884882865","20.927222077837545","212.886465372562"
2,"13.0",2,"69432.31339907311","34841.6032969557","5589.783297037272","3529.984275499033","2750.7679795512204","3914.681537011764","1065.6541109024358","278.2757264186468","179.16945731613447","257.95965073333787","415.84679215214544","258.19834015545416","116.47609016230057","37.38951348662658","193.86709975498462"
2,"13.5",2,"69775.24035250561","35099.77489796685","5548.686912673982","3556.64143562919","2794.8948394391114","3933.2708296582573","1084.0577931385542","297.48626276832806","186.58788584023048","289.9377478236886","452.1317846839821","278.5984822256721","84.22975930410051","37.10037609504411","242.98622059027406"
2,"14.0",2,"70287.08213636931","35206.54606381971","5624.443953006549","3558.2148845715824","2830.211024771698","3937.650112483989","1120.8916025017465","326.6034132512782","157.34766728559867","267.48933194043457","438.230978776441","295.6888912752179","87.92961006949302","62.623414050713805","209.09158627947517"
2,"14.5",2,"70073.70347816123","35128.95646977506","5514.281306658968","3493.4037757813417","2775.227181837058","3977.870589579321","1083.0935504574725","276.9443609961622","141.6110411996488","261.7798982770141","433.7955624629518","287.3571623637665","104.39875856399247","33.288204859847625","190.5832621258417"
2,"15.0",2,"69995.69378870052","35087.40844863009","5551.059586360041","3408.8233185577687","2779.116945119319","3955.4709886306237","1071.0280891392497","253.2430961127868","175.34331835039853","247.69171543328687","409.5944990581082","265.893689454085","116.32863643568793","-8.772598089568643","211.42545068056376"
3,"-4.5",3,"77405.18469255902","36932.98919464136","5305.375768804511","3503.505727224658","3688.279649667382","4329.125037061346","1598.4799819220832","494.5546026327591","122.00307560536719","180.58118188721608","734.5149935030178","300.79386087370267","239.9809558598297","134.5828259322312","26.28694001795106"
3,"-4.0",3,"77030.37033220103","37156.428831246005","5473.5264018793005","3514.75684029804","3575.414454100378","4405.124929739805","1619.7820575564199","480.3234961145161","128.8630392320601","159.84127942430968","711.0060737232274","310.9072335584433","269.84638080583727","115.48998575078559","81.33047620529504"
3,"-3.5",3,"76893.56067552509","37154.527118661","5380.173033719245","3535.751310494814","3613.5577845662337","4376.1959827886885","1634.1947930723577","530.1626331555649","173.13884723799916","184.27938692599525","703.6687280014436","292.995232209875","262.86448649691465","105.43891031228242","26.885909014557633"
3,"-3.0",3,"77499.65751614752","36847.54198763505","5399.02461630063","3627.568505168114","3770.6972885552304","4415.276400389567","1685.0969413941366","563.2710099506096","178.23771016401307","213.35660614181973","777.158885190072","320.6731306345814","248.06217924349335","125.48203208329443","63.73779233205136"
3,"-2.5",3,"74825.80700106028","37076.92213029987","5353.333722548101","3290.715855002901","3362.5443883981297","4290.475084308171","1557.5948907472437","441.1697946412426","96.60387214345535","133.72524412117733","678.5458303381982","268.25278761419486","212.13412683690308","59.37561472360524","34.20660736331792"
3,"-2.0",3,"76527.61439298581","37292.2846293182","5345.726305459476","3492.8480760813563","3585.0887508692267","4346.512109344138","1627.170860576104","481.82834434288276","108.55552616224752","171.07720669274033","700.8201063423616","292.2938566823825","250.3021693019889","102.99370292492819","80.6873068164097"
3,"-1.5",3,"76293.71310852583","37487.994424262855","5376.551335627481","3444.487835829694","3583.043378004777","4407.04150619793","1546.2961722891578","460.90797474867946","142.1170430199344","166.77417163855665","708.0691931381551","294.06893814584237","223.70886709587467","120.09797343386056","38.01316530026879"
3,"-1.0",3,"75610.05825135243","37441.48847244341","5438.886913251456","3444.2741784390587","3427.1379703222565","4411.600064189239","1627.4039628626167","471.29707887781075","105.62934870259453","145.59793195363585","707.9911092137205","297.9550241857339","232.16279539642596","102.56800615211165","51.88065690384128"
3,"-0.5",3,"77044.13686552059","37220.89086770376","5324.412568964659","3512.185085507859","3628.6894070389944","4478.642898031746","1633.8701392225382","535.0066937379745","173.1103133588446","164.93766931453786","754.0892981150058","332.1673013666807","266.20221468150794","119.48398287386186","70.52831585490202"
3,"0.0",3,"76499.69588555594","37303.999109067845","5358.98720219834","3489.5283370396924","3525.2108423601776","4355.912454908015","1558.0895175356309","505.628448146096","156.07324393054924","164.65813379786744","707.6507165798035","307.0125108365021","192.65130183092901","111.25637103372407","60.58312268837603"
3,"0.5",3,"75774.42107595022","35830.2946140639","5178.252107154676","3593.4283447032867","3247.3868542103673","3948.4704662374183","1461.6124317400756","552.6927723354188","174.77976715232003","162.5339167349611","582.7933828190933","345.6601126415995","238.15542875182132","114.13892713107481","68.85460983851767"
3,"1.0",3,"75460.12228745941","35054.24244929339","5361.776185675673","3677.847840250443","3182.029518072234","3816.133258356921","1471.7110282047443","554.0192738405312","211.98337188067777","193.68069054203454","535.2224156808641","334.05342193055003","263.05293505334544","116.48416680396491","61.05587957286475"
3,"1.5",3,"76371.9119900189","34294.90129463013","5408.222744660964","3808.1119832845143","3335.9364209496707","3749.303063086157","1494.8704817507323","597.4695039814342","222.29855366052416","224.50081110586729","519.173847308276","342.0658489769314","234.58903190212914","159.69311141757757","45.54697440538366"
3,"2.0",3,"75293.27600005307","34052.200387142584","5507.693639031403","3779.134101393372","3076.3912650434495","3610.411970682738","1459.3987681525537","570.448112332118","237.0712804757592","217.63762976808982","488.3487659850793","346.820879619226","233.03907016984044","126.89564446603214","37.4102985972358"
3,"2.5",3,"74909.00316224623","33532.62674739692","5482.05403978973","3807.571750765762","2956.045395082677","3545.95516241252","1427.1092914070302","527.3195870182883","220.71892444204005","191.52250280227656","454.2788053231897","342.2465705448229","255.921256456229","118.82813853332738","78.72082337507226"
3,"3.0",3,"75794.62595362308","32962.681308989966","5471.46606505649","3945.130624276938","3046.8510782880903","3524.771374931378","1481.0781752111727","564.6475531607889","259.6068186719764","251.7528593795975","442.6418318361362","362.7624063314798","259.8047549227804","162.43354535070338","87.63109781606242"
3,"3.5",3,"75287.04364646939","31858.65520919517","5561.45241610748","3970.232253073007","3006.7971425147516","3411.5809933219834","1498.1224578135025","582.320296121175","284.28163128879","241.09405927994266","457.3786106683762","352.3473488409264","255.49881930890547","147.10737273387198","78.24572290593659"
3,"4.0",3,"73964.39938499023","30559.363115821736","5675.929489553021","3907.4865688326227","2869.4336519118006","3238.53973890638","1413.1726292974167","506.2338477339261","253.84802828918546","216.31926135752553","373.8837237457861","339.1353846949039","260.25732411995364","142.03354911249502","45.092001914410226"
3,"4.5",3,"73416.31206241094","29327.665303116784","5713.308110688608","3909.067862243933","2797.4775164460234","3155.762607591042","1439.8585686853698","524.696817063852","285.2475991524558","238.42801903355888","391.1524965072643","357.7247527978032","262.5324448512674","123.50799408380847","62.93216833826836"
3,"5.0",3,"74029.38946222088","29115.14127906188","5672.71847580721","3988.7708776120835","2985.0041613124176","3241.6723891202873","1458.960147197156","583.0453862257018","317.5762038862996","283.6664380115173","405.85736258918183","333.8053006876137","309.7744194900002","133.07846461878498","55.80135350729547"
3,"5.5",3,"73690.08051604741","28952.124690887886","5746.272426653144","3955.920314635537","2948.403299429865","3175.515140023824","1415.2293656542274","584.7782717349771","280.96213154482155","300.25204055190324","395.7526765774478","384.9169956724841","263.7468339913969","171.63963039758605","55.1456426133363"
3,"6.0",3,"73156.28372818264","28562.711251593886","5886.910389291608","3853.6872994222626","2792.9633504432622","3167.4684635041954","1445.5286029609663","540.3425950386436","261.1856216493817","235.85268649537278","391.5933442152837","320.1433276922785","258.2563234619663","113.12440074970101","92.67876318716746"
3,"6.5",3,"73125.6056633901","27995.280331593258","5551.007891095619","3939.7877899507334","3015.2127058498763","3179.619897406508","1437.4684502371058","566.6680400959233","337.65422261988795","289.9027419303456","409.1695407506459","367.38436586060203","282.70119349917013","139.39015283288003","59.15331800704457"
3,"7.0",3,"72900.10737937977","28267.052601243704","5858.662442749552","3958.9985652392775","2836.1277229404195","3140.4421249699044","1450.162609146919","569.0397599970593","320.5058390422147","288.34225673515147","409.2355945899986","357.62174679896435","269.7979216964063","156.05392135421343","75.16496812723511"
3,"7.5",3,"71758.78763957665","27448.14982382002","5984.8369661757215","3911.3031590075434","2763.667861625703","3060.44153677497","1428.1536325357729","508.4081038747998","286.50349212853905","246.24198789424025","358.726571060231","347.79954432234905","280.1047450002768","145.93625323076762","50.24473149221007"
3,"8.0",3,"72696.1664883499","28149.648051344146","5868.479863456234","3854.363842191842","2852.43422926682","3077.5111386408116","1416.0739836922687","516.7621765816475","302.68672648082554","233.9458205779976","368.1121521499247","348.05665919609515","222.61166499856085","133.7043920674731","27.97814656693931"
3,"8.5",3,"72399.56424013287","28172.33131155228","5851.690072681506","3850.3528788025014","2722.9032432234817","3112.612517784075","1412.9741104831849","548.0611115959584","255.71420149840893","250.15785178630807","362.4269021477124","325.9328478183827","252.9475757113928","131.00723625407255","73.11892044201994"
3,"9.0",3,"72412.80961831218","27844.462358532324","5855.100703370589","3847.5284332686565","2746.154867385364","3014.0590553411384","1414.9131356064825","502.46576307798347","248.3430817865473","197.79965431803328","356.89674960262647","329.41836204615515","235.64463199898933","142.15097176624803","37.69312365321952"
3,"9.5",3,"72715.55498206295","28188.097054426104","5695.49152981735","3811.822697923634","2803.5237070589756","3042.1903518187914","1394.8900540365175","496.8933148693239","254.10507796731613","226.49403510234805","340.33318842033555","314.5155542463883","188.5664681387741","126.88495896026673","16.45941225368"
3,"10.0",3,"72197.91276509016","27853.56555395448","5804.649238633858","3770.722316770992","2725.543828661708","3046.1589286381427","1347.1194892198096","463.0047646856188","233.75752901408273","215.379919866139","348.4524423577121","325.6694457948263","209.69069753084045","136.75274808323283","47.43651177420879"
3,"10.5",3,"72545.47899410021","28111.19883779177","5861.502191911659","3791.887123820425","2753.8851194678273","3017.936819254917","1362.9585188476792","471.11847740171476","236.01486998121905","189.9875647742798","346.1405950709964","301.82983552829023","212.28338814548033","126.07108902493572","46.3449738903691"
3,"11.0",3,"72105.18613422327","27856.053923405307","5849.191123635045","3853.5835200510496","2661.772876295423","3044.916962443094","1386.5530384810409","447.81030477317364","249.40512965019335","227.27865514098056","321.0636112926793","290.7771741757831","235.44509244038682","140.6007370046503","45.56596359936584"
3,"11.5",3,"71676.48851032619","27683.847265347187","5936.796550023906","3780.2750289393657","2633.2840327573304","3067.2416570327723","1350.9450878602681","469.0162261479905","229.33010358753077","178.56730901940284","353.3655217335859","311.3012115660347","230.7221827036435","120.88104745092785","46.87715082514019"
3,"12.0",3,"72123.61099339645","28053.56450455972","5728.5159400019775","3755.7827552992976","2721.9463583167744","3082.419636125313","1381.658385987457","492.7186579793095","226.3936809385065","197.46130723706653","340.6986308046644","323.88275733291107","210.34786454125856","95.71093943514353","40.6156223641371"
3,"12.5",3,"71832.28528586276","27883.83122179512","5828.919527953261","3778.2956785575975","2714.770888415831","2965.9731063410995","1383.7187985065","490.34907607651877","240.24562939912985","196.93383064900297","338.52775646820805","296.62714100132916","216.43170897522464","88.62074197876615","68.91608432668426"
3,"13.0",3,"70894.07372451584","27414.41297996452","5878.209011484602","3672.7685068050214","2569.0227707784006","2956.1561991066014","1346.1393968739033","474.696634830342","206.91732044148117","175.69329646528985","301.8991265330642","311.6960896153039","230.81635258627284","113.23339954921045","42.14217967991835"
3,"13.5",3,"72076.13340998044","27921.53335471925","5549.379489869676","3844.5999535509727","2818.720422095079","3080.3580872308635","1363.8295023233484","491.67715327564775","254.45860724468608","242.7276740855379","369.4336618619325","333.10659192494523","214.2533629712541","124.0804485764159","27.942049603055867"
3,"14.0",3,"71489.43322897797","27689.646149980617","5760.175287041668","3754.533901505567","2670.7883373606883","3063.831668961434","1334.7863297040285","467.64368313009146","193.04007169108823","216.75398160876523","325.2567486901926","308.00389067669335","219.10339381469817","137.1124532922166","28.381748911172224"
3,"14.5",3,"71289.89679109771","27509.81749982252","5826.060639081405","3774.279892298378","2621.6631986350203","2944.041846828841","1354.9523172180957","467.44633865370366","229.04923796358108","161.8063852909171","310.94863928388327","284.9386599038496","223.9709897287064","87.70964625663788","-2.597601119915506"
3,"15.0",3,"71955.42898453395","27917.38037041712","5698.012702765437","3784.228181573412","2729.2569125293558","3003.6812061997603","1357.1157420434392","443.41029088360943","193.5549456638461","186.37848066016147","324.10418081831017","303.3091363181252","224.95153647425218","98.38787698536913","2.2835361277877317"
4,"-4.5",4,"65509.1034300996","32486.54391738983","3539.3703694189107","3051.8821136427723","2797.453942712859","3663.495484897869","1005.4465554029446","272.4682906711701","132.5295694007819","148.8082565897257","588.609395981233","188.0457095704846","17.98393439593457","117.37845414852754","109.79713959345875"
4,"-4.0",4,"65803.20495443509","32349.73906977834","3525.4097399446023","3030.585762632556","2863.678171625643","3682.8442120308036","969.7620234561389","324.0448650071158","164.04419925776398","127.00024899875392","617.0322180370557","210.09384709779252","28.072519043420073","113.01741089870427","93.81171984954406"
4,"-3.5",4,"65754.4256386219","32290.520866427683","3452.884088712101","3046.257228379488","2813.9949541416154","3641.998296273923","1029.1064305248544","301.4365042052596","162.92063073700052","125.16184743498319","585.1828740928128","198.1677821641878","-11.464398700688605","111.01599921339593","128.87930801809495"
4,"-3.0",4,"64233.46167927392","32050.818000917734","3536.6116709917505","2903.263513867637","2595.8844393612453","3611.4815612718744","995.5436734670673","221.06812636911337","69.54535057934146","77.42380404442927","533.9559356079901","160.53174690439207","-20.350278620379356","80.95977906589846","79.81461706697476"
4,"-2.5",4,"65185.021697621865","31901.778096835358","3517.057246172385","3035.4377916893345","2714.5739552495893","3620.4849092210193","950.6838350398959","238.4138234005739","99.78126407834753","119.01230913415814","577.4182961851844","138.59486145058708","-34.75326200233502","77.4875314533393","117.41784535246418"
4,"-2.0",4,"65230.20556180803","32228.764126696093","3650.4379478999576","3021.510329458347","2765.0541307299736","3651.9997273575254","1018.7378161790914","281.0368674636589","137.9813519078421","123.38495957235703","599.4416274969868","202.15469689614534","5.309450289019026","109.77215188161506","108.18900978066588"
4,"-1.5",4,"65941.86454997073","31687.5972270552","3675.8634943933193","3170.544022170795","2920.80941598307","3696.7011826727858","974.6163221244026","304.2007950799928","169.64725585464507","160.5393314673613","623.6517267192118","227.09164609792893","47.615558386722626","127.13722928975255","83.82685469311221"
4,"-1.0",4,"65311.064369812644","31666.92548088713","3532.4128632166885","2949.370203933102","2791.782102678971","3580.28879621878","936.2486234394621","293.93412076925057","157.70780668560843","143.15400358708143","589.7990360373461","187.51082521066084","12.569094579084378","112.65670264282573","119.75600505461492"
4,"-0.5",4,"64816.663065307395","31509.95631317573","3620.917491811352","3019.6738062976056","2758.267057489423","3571.0169609714076","903.0139087360833","291.7322986074901","139.49989336648747","165.24872018817086","580.7660750584156","182.26182930867267","31.22073391370901","122.34335684511495","131.4559001141195"
4,"0.0",4,"64777.192046310025","31572.48106122721","3608.291210629501","2944.913593736562","2683.0498395973336","3547.3905983267255","955.745115735808","291.39263304313437","113.74543462840808","86.70873510375257","560.1964486216885","198.10181602282128","9.1508620982259","123.7018465349266","80.6023340022173"
4,"0.5",4,"63336.80613623238","31614.194985966315","3731.905955157131","2906.548260197268","2490.9943215299677","3518.140698376829","932.4891254355687","198.15958880103113","79.8902633349474","91.20208112637373","565.378932138602","185.43041928246762","17.279796467884864","114.10573028795315","105.73960965332574"
4,"1.0",4,"65793.26444217683","30944.87081452385","3573.2395142016276","3080.380164178603","2865.429535978178","3631.8617531346968","983.0278228288937","367.9486267607604","178.4424982463914","187.83556006618574","612.3088733131716","256.9623816758234","67.68810862070251","161.18897834728304","103.22349540041162"
4,"1.5",4,"64664.265581549196","30941.890463375996","3477.578063899237","3037.2375942603867","2667.9128663819433","3383.4067030214032","880.3168037614284","292.30004464848554","126.49499085438407","145.5439128947371","507.82510747894474","204.75020172688565","22.802903664853204","127.842211747026","104.57216676566512"
4,"2.0",4,"64057.484028638966","29054.04846705109","3420.8851088550987","3187.626002439455","2373.7787042258024","2969.82667026969","758.8360349150164","304.18348252124366","136.23482896858064","135.20269672607262","359.3948148717497","202.54943235433544","11.838818371993113","95.60412565588999","120.42897183887138"
4,"2.5",4,"64059.46649694847","27513.75473444727","3373.6049154854654","3381.295978972992","2207.034811019691","2606.597822069338","722.9676187826044","319.06567562511015","188.46361344561555","135.8403337010495","277.79768215965044","261.62621923316226","27.694647180671666","127.3552607289815","121.14052806655175"
4,"3.0",4,"63961.02623031804","25818.769685986554","3462.3502130076263","3420.8086684835935","2155.416933818374","2356.1197884589815","700.153000955796","310.8087805236369","207.82482259885896","122.48849909815611","232.0057149137341","244.03691076614737","40.42595299281703","115.97451067773966","114.63501859686406"
4,"3.5",4,"62819.428586787624","23473.560401407707","3527.5884963541153","3486.2057311173576","1928.1989751037463","2037.670968456433","665.940542972302","354.45536649356063","242.29957445203502","162.9282521707903","149.82295781173173","227.03973639263805","8.949260738849773","96.52046223847728","163.1411249967278"
4,"4.0",4,"62294.019102536564","21596.394617190745","3756.5621500988605","3602.687147658683","1876.3686180261607","1925.8701804301654","701.0612978325814","400.42120988905185","297.3619053617538","205.1619039293834","160.9489117569857","281.2169506233494","38.83204767740841","130.88431841474048","97.33875864200107"
4,"4.5",4,"61060.9014141745","19874.696929383692","3792.3406526209696","3536.8994619392806","1662.1346511079805","1670.1450923943667","639.6067137272469","315.1929063526125","288.30407558670555","179.26346305387415","136.04003520267807","266.7844075489355","22.47201986091278","121.31168084516875","150.8400836745164"
4,"5.0",4,"60499.38047013667","17291.996087078864","3922.623865415904","3612.019574304295","1714.5224148915445","1594.0041331589496","656.6323157621036","323.3698850651859","338.5844214284353","222.52150455080863","112.38041248633286","262.49779872694205","72.00225179479054","140.73244626120194","138.32761972293298"
4,"5.5",4,"58704.38987536762","15390.857630725424","4159.6830546426045","3531.186556481134","1549.6400135118984","1402.9634738872546","591.9385045122513","314.28771266304426","285.938279729983","206.02235213273207","77.93801537557798","222.35879221994028","28.57015835705357","140.20720671690572","116.50869738650616"
4,"6.0",4,"58573.396874242244","13837.85987543166","4076.91268051007","3619.1363463645084","1626.445684572332","1319.4794510763718","640.8690020009897","299.4450358957959","325.04315478541326","246.38449683349262","95.53477914244937","248.6532454439138","53.5187224579127","129.3758068410972","154.83231473806796"
4,"6.5",4,"56741.582096218066","12472.946806712715","4263.376959449993","3489.206469589444","1416.8740960139316","1227.7253713394002","550.9917963197177","242.51842786986282","291.5611382325404","162.29388734839017","42.04149668398932","178.4083597690093","20.8632039000193","110.45557590560188","112.31421827784314"
4,"7.0",4,"56336.88899679637","11408.817999020814","4339.267157155249","3549.3685633598343","1452.2695083832482","1214.190183715979","593.1099823271124","265.68777644336984","303.4126188275814","230.18780100420184","95.40485293044131","238.48668306137043","58.5753237337554","154.04587763030472","118.55448286446361"
4,"7.5",4,"56861.51203274878","11706.513888510555","4178.421052401196","3463.919827569717","1493.3770621416265","1222.519398555919","524.8303117383543","260.8241758933187","279.82968489153114","191.96630109666876","70.46522869138167","197.3836999114594","18.542472048231105","98.46889481326124","88.51528104481534"
4,"8.0",4,"55688.76773640928","10802.229873245691","4313.475556963","3426.0320169175666","1384.8523125547695","1195.605929501438","550.6249091351433","225.1525328376086","246.80096716729633","205.5441338199737","41.231415067433915","221.33379465470162","22.750806653266466","112.99025232861743","102.93042793866678"
4,"8.5",4,"55446.71697258859","10353.461905385338","4341.104409482141","3495.3876446217855","1374.8410795390669","1153.631723047808","521.302808510924","205.7607108042858","247.49382810664213","177.72896626339843","38.543033126843426","208.1311595823294","24.107420930287674","132.16171461385227","143.8552542677317"
4,"9.0",4,"54744.906596848006","10215.827088136122","4466.388011160867","3469.1625723207026","1349.4295686647242","1149.581680179066","551.1951720123238","267.9062971022957","285.6608379363691","192.83893515369937","24.021121718211276","188.26632165530341","-2.7848765040081958","109.44170812316756","103.21967415542215"
4,"9.5",4,"56160.84168259624","10898.038746156466","4462.090679070009","3506.46158664644","1456.2829149048139","1301.976507306077","613.4335077742164","302.3668062814009","318.90558997597674","201.1596443763276","51.722839356966375","229.82231317619554","15.343690585564957","123.7911235580203","122.7803728091474"
4,"10.0",4,"55147.78588779289","10350.552273004507","4323.102547797249","3434.9363130990887","1446.8615018306723","1162.0572333063974","548.9200901472541","235.48857767003238","262.80615679938444","180.6950776658864","25.126612352817034","206.52293395170196","23.262443734061037","120.73443518815577","147.60267363393365"
4,"10.5",4,"54741.90698476847","10115.88484137484","4461.0333377979405","3415.370551080455","1287.8543003897553","1143.0212612140804","477.331876129489","188.53350289983365","224.07044596482896","157.20405652035265","24.699938130750667","195.4559383498528","23.552741458792127","110.26755691402863","85.42603044092269"
4,"11.0",4,"53458.69935724642","9559.369823686391","4513.273956044725","3427.750658556315","1220.7185675370054","1128.7082645995356","493.20551869434524","179.1252678651718","235.8832636064459","136.1181944206794","-5.9497545455093075","168.5129335473554","21.434890300055542","77.49117668460312","135.42356472302032"
4,"11.5",4,"54630.66922616353","9575.231034403876","4354.296261784609","3419.9988888469707","1326.5209761411638","1105.2543506545708","504.8530762942218","203.6351114619236","263.22787140030766","178.01663428922643","6.428034019731882","205.68803782985393","7.667871091905283","98.09045782454504","99.88188698915931"
4,"12.0",4,"56135.45513166712","10255.33427620087","4097.371842669855","3422.87609727771","1443.4796556217811","1187.3349618610296","523.4719808649211","214.436500712973","284.9022320296934","212.34231403492436","68.461170377978","236.16061086221512","20.221949051531794","121.12433841057248","139.0858122457833"
4,"12.5",4,"53601.78010152619","9230.970973178464","4502.980641720746","3385.4842184909285","1150.2284010222481","1079.5175178280533","469.4942629532579","148.1947390125061","203.0734060600515","136.23233624850718","-10.129981920060885","168.40212574184298","-20.65562607976716","88.21267227957614","59.56322612196939"
4,"13.0",4,"54363.181611051834","9649.52146672847","4415.88182190435","3387.840368663283","1310.517690561684","1112.7996483591428","491.0817951732383","171.40432460939434","270.3237168014872","157.50928313534496","4.1767446269560935","172.26572301014622","-5.797559621640119","100.88573822680416","111.48390457943063"
4,"13.5",4,"54719.28540659485","9736.608387959943","4308.083078114455","3359.9725005081445","1275.3344119250937","1125.3773296303198","475.470299674097","177.39997895796938","242.12054027985675","131.92759523566107","19.17954219249546","151.62281325212277","13.154539634776995","84.95040663678773","80.4190403869832"
4,"14.0",4,"53464.45290807473","9487.123974501403","4530.990708659281","3293.5894657063163","1161.2210999616211","1024.0461040918804","463.8821088360714","148.60160707505938","215.89086115716472","129.48144870701591","-24.353618545526928","163.50465356731317","-8.15704693481183","98.92207488384278","94.30354029433582"
4,"14.5",4,"54025.03154487623","9764.24619122862","4381.039616661042","3318.467493969234","1236.5696774431394","1094.67806110344","474.0015508531837","158.8542810980785","258.14494231971514","168.43837408306763","-20.264648737935516","153.2682873664102","1.0398495338254747","94.33561084645848","103.92058279982328"
4,"15.0",4,"54139.08408781828","9662.992135143739","4381.146278484397","3377.2452587651014","1267.8345863649083","1081.2576667494832","490.6577840761233","166.0150930617345","215.10448386340852","152.67014725453464","16.182701388118318","191.62615544380074","-9.96478462231147","89.72084672006449","81.20538267358441"
5,"-4.5",5,"58759.756377790014","26984.194064086576","6606.43891559586","3578.971415037983","1888.6141011793964","3326.3670244854798","1230.2744711391024","182.5385003412949","143.8153275340892","274.89114096378245","500.53765884264305","250.31392827825695","33.07699326873406","62.29995238112551","168.490734375076"
5,"-4.0",5,"58369.76777364593","26951.571046945934","6792.934989175121","3548.0168539247366","1837.85230826278","3344.8298291800306","1202.6797748438685","178.07832896852833","164.99373322648785","264.21287869903773","529.0967157881477","271.25474784994276","41.21486441701707","43.879805134191514","179.670462382483"
5,"-3.5",5,"58508.41192666069","27069.528696659778","6680.43638704343","3577.518510206581","1878.2132126394229","3338.514954223455","1224.819758467031","218.42695548127617","195.9899119655406","311.1063242270507","545.8567865967981","314.85520734203806","3.5460521062949084","69.41669627640688","217.08380223470252"
5,"-3.0",5,"58766.732278409014","26761.188133911415","6656.146837055062","3509.6034755853084","1951.7642325547097","3296.7503685963775","1242.527478859869","215.8379290199169","171.4244302253769","305.78976302656184","531.2106482969481","291.75813806743054","38.42217957843589","70.5956119016217","224.78133651894223"
5,"-2.5",5,"57973.57703901686","26347.28752991054","6807.034009032887","3552.8211975875943","1858.5481313597295","3291.6130201248916","1169.5912170396214","206.94381492871375","158.20882927725188","287.26831081014376","543.5640976997323","307.59980946133714","31.507396570216613","83.48356435736385","221.0269655328634"
5,"-2.0",5,"57842.262507737105","26366.848880184472","6852.001708251185","3572.091387379457","1825.5047826865705","3294.4547838207145","1171.0014221173237","224.65323517223905","180.18579323704944","287.4386555825177","542.1641216773133","309.9876687296262","64.67483938950961","62.08211394001599","252.37032967486292"
5,"-1.5",5,"58061.292885775925","26129.378188496517","6804.442312100349","3451.3833607183883","1833.1513275242985","3286.2613383920525","1192.1665166729067","204.76900986050518","180.0691506564699","282.12260398102063","541.991301943569","286.9478311819812","47.551891177747464","49.356707684641236","229.33588961947956"
5,"-1.0",5,"57325.74188391227","26026.22795092411","6808.353132223632","3409.6653835594593","1735.0385550564858","3250.1613941542646","1142.7708168201857","169.19193100690686","138.98788354085877","266.2639731928069","531.4388394893857","261.9125494951502","21.778316762402554","78.15999136401918","193.46482092493645"
5,"-0.5",5,"57550.796384803354","26243.459326067525","6752.491328641638","3416.399761601911","1727.5440380983403","3260.9775127717276","1131.630382945847","168.649876759495","127.8001057583874","276.5812467160884","535.4922158735845","279.35157699121805","36.339746678482996","67.96471405102814","228.70033644242037"
5,"0.0",5,"57451.025214149115","26152.442374689625","6826.544325542081","3408.5912236743134","1780.9793061660178","3289.4133623540506","1159.371507229233","177.14231718906092","144.32324206821295","276.9203861128404","558.7962545959061","261.1075746192903","51.07618452708887","91.73969369659274","202.8245907437458"
5,"0.5",5,"57144.86086471552","26136.150873240465","6788.130662849106","3362.9801429636304","1696.1304879889387","3244.1465834698924","1104.5073813492936","137.15303751869794","101.12743178088364","243.27411538635948","525.6748837026654","260.39738181664075","27.324202647230848","17.949547710907687","203.82938758671273"
5,"1.0",5,"57740.770627796446","26114.384395571564","6849.477812783739","3451.754256723418","1787.3569615029344","3259.7586228026607","1173.9646245744584","157.9128522215054","149.71051126650445","261.98407265743873","549.4577542888456","299.7693628504542","55.084069030859","96.35403134678366","240.92981763854553"
5,"1.5",5,"56920.45573716232","25619.007645383346","6734.984141583","3372.21359928818","1588.6410022597227","3114.8250440729494","1100.052351837266","136.46437495168186","111.62716394741891","242.27059011398237","465.84462355266635","275.89646267336116","24.53981230652387","36.60039672425213","219.52525025568843"
5,"2.0",5,"56694.92783657553","23725.946182036663","6624.867687852033","3627.3785406025463","1387.5946701952869","2692.4576902275694","971.226840666801","205.25850185732142","201.15656279693667","249.9639350939213","314.8446731608843","314.98023258452645","64.63401062153623","42.12321957129197","246.96013002188172"
5,"2.5",5,"56122.08864621098","21121.538941776096","6627.300415825226","3728.1994625501375","1178.2713422659065","2176.2809397033247","865.9499605395923","192.1582157094061","208.93119355181693","265.53957102176474","224.77781173779186","326.02837013387534","24.344643358283818","68.6966828480475","211.9402159451622"
5,"3.0",5,"56182.313580866394","19419.59817856879","6687.845977065639","3936.2618373516343","1193.3875589209663","2018.211740254936","912.2292968071371","202.7991928208224","243.69075576634123","284.5426286606169","208.70188697591385","323.7030572628048","60.16445920914187","44.02857139463626","209.0363434424814"
5,"3.5",5,"53970.873349283946","17336.803943693365","6834.999724482182","3808.2135771558233","886.676001166392","1762.1896714967738","817.1048182138667","157.08481095009242","224.34575862347606","281.15996860597835","113.60462619254838","284.57765928848926","34.76524960921263","68.75631993352711","194.16429274428648"
5,"4.0",5,"54719.07711075175","16125.01484660151","6738.700421891435","3881.3705694308082","911.0608843370088","1596.672260010393","824.908001451916","176.5236634220067","201.6842461527183","287.7674428955366","96.7618565119518","279.5365612781775","24.7424605830425","47.61521844031458","184.0956053592408"
5,"4.5",5,"53492.55063399751","13834.927182598847","6884.2074784984625","3869.058056788133","796.4055429586398","1387.300575823297","756.4096855923462","160.76469889175345","246.32554896577835","288.893665305825","64.31407261640413","270.70834643265584","19.151780829224734","57.82841437137503","188.67324238595504"
5,"5.0",5,"53226.5283589246","12123.09596082831","6993.4535326965115","3934.9899073767733","790.8704727319797","1359.4056404692597","776.0029216812492","150.96023236733515","272.3218134137005","288.84417620010305","77.85756979915152","291.4798222575107","36.0942421879043","61.89157733747341","198.05189740729926"
5,"5.5",5,"51668.02233599147","10244.456145644659","7191.530501238511","3877.9043954225294","673.6119064661222","1240.5413481497205","732.5535772393464","145.8738644045535","264.2145376848316","277.2850404561837","47.92753973031596","297.9166611540986","40.313612612866635","44.830899556657485","196.54641093965958"
5,"6.0",5,"51283.89874067138","9111.58060079167","7234.208421948181","3931.3031171906796","747.418263416802","1221.7857454188131","728.0734452996007","160.66683064993947","274.4600806144431","294.0485042468011","65.55510984445607","265.40391322051914","37.666172738584535","79.13274373483007","188.8895060946629"
5,"6.5",5,"50658.96793210099","7883.073608067634","7190.5384750134635","3894.470098788851","680.8908776788568","1155.492784997674","723.2252295161343","170.47589996339966","272.61474996222546","317.6503483349948","49.936612945713804","298.1026274832968","22.100565575636963","54.294010853498634","215.8007749346466"
5,"7.0",5,"49914.75936331198","7485.422753960462","7237.386260071065","3837.1864929777494","636.8824171615139","1132.9924762232713","716.727401971511","122.28124496953785","250.79765815081032","309.3168039734565","40.155056465228064","260.568905567241","62.601630339547526","35.72368064737437","194.43795994834338"
5,"7.5",5,"49884.204117755275","7203.7759550029095","7319.401181670657","3805.6481665650917","650.6115707683103","1087.1220272351197","667.3703221007395","125.85587800256633","242.94332331028522","289.6405351257634","0.6619200514443087","266.15256221580853","54.56120429623418","37.15281393812401","183.7450735351001"
5,"8.0",5,"49955.07422379245","7181.307743947014","7174.920445102751","3794.098775952217","629.9633535693616","1103.6460944440928","632.3689377763772","61.03723036342819","219.17678929844078","267.76140971320166","-1.0044147887307613","239.6636970243412","-4.741042029548382","48.036852977227085","175.36845894960058"
5,"8.5",5,"50333.77551892207","7679.40102240769","7132.97789653121","3814.6683667564785","729.4441675814811","1170.9696444644749","671.518099909506","126.61875845278735","240.2013422964601","274.04229710253827","12.098548238390643","246.8332764857739","39.2928955150888","69.09713389779184","199.9153191142511"
5,"9.0",5,"49947.73917619065","7305.100577286259","7094.210670383544","3730.8942905991194","683.9774509466084","1081.256924097826","622.370381591772","125.38387304765854","243.18071401114184","311.2169290734467","16.954117453120126","241.60868983311113","30.421970883249585","64.7750451185203","161.81022288618416"
5,"9.5",5,"49279.31411649267","6561.468601256996","7279.690253034537","3731.549472603559","519.1846963328065","1002.0121538015732","605.2410977303771","60.25251799415412","187.82253059159302","248.27518610959515","-25.785012660157598","218.1926548433032","-17.22010158915525","-17.247376103380176","168.11399118345568"
5,"10.0",5,"49606.95586532685","7103.033398208905","7327.832072320097","3714.7364559119715","618.1943159015128","1077.8894519839064","665.4171899003941","85.55431305208447","233.20061069753547","255.82401634471495","2.9644561319449654","222.3643032630823","-5.453907614220199","-3.5489003978310976","189.3959345669177"
5,"10.5",5,"50099.47845777766","7257.5621001665","7309.063064646903","3685.5525253399687","709.2665436707385","1128.4932754366812","655.095397556765","45.6256337927581","207.23743992462573","263.44617435345987","-0.5003408750007079","240.3634045619833","-5.91407288955331","7.5725528647190785","172.21477373587297"
5,"11.0",5,"50356.92118788489","7204.57005147617","7233.768233349182","3732.591510901795","703.9833486843314","1125.5155100008894","664.5072622442126","88.74713571506084","234.0992356736274","267.5827534130231","7.252652385111427","246.15087903135733","-0.8590908456969117","55.23775051055857","175.5272941307894"
5,"11.5",5,"50414.67867725443","7481.128439151484","7172.080109652115","3695.8010873610983","696.3426211525012","1148.7094142482854","629.8820864810987","63.81030066906726","167.4766698685985","225.77055909018836","-2.5512768302352438","214.84690738762853","-1.2408631127126881","6.2995835787627","140.4292196347901"
5,"12.0",5,"49624.97988491752","7491.412806659782","7140.13028163982","3557.8626583116943","624.3885586252995","1109.5566020360607","597.5333960944695","15.805957056422475","180.10841890490383","205.31051265703883","-16.311215723137273","221.5466099078412","-28.752976522118544","-33.316992026796854","172.70548419663962"
5,"12.5",5,"49729.009424814045","7015.894858907062","7215.508997930138","3546.605839411489","614.3874460377766","1087.9694062363617","603.3078580383708","17.17432877584304","173.96897367749443","216.7090065471046","-46.150948845568","176.2495897958381","-31.050386529382806","-11.850419606976779","150.3853132312856"
5,"13.0",5,"49953.80059799648","7140.011654400638","7056.8148018402335","3596.248714328007","653.7442062155548","1072.1514098990547","605.409835463613","30.554530988560717","201.7505906896522","204.66875933692594","-22.1009436246949","201.11508932629175","-32.588728398046825","-28.328900573400617","174.82951457457008"
5,"13.5",5,"49232.59958065931","7213.787783278276","7294.283937729633","3493.722537059208","607.7267105621432","1061.5268658011819","574.2420084477671","-5.13525614457296","163.68213597672388","203.98758844056928","-29.74992675064245","202.10975095407065","-62.39529524349307","-17.700461240122117","140.05263808478458"
5,"14.0",5,"48705.41347000663","6909.491447083054","7233.04116109665","3531.656117354801","538.6082115211752","1022.6004100249869","566.4162405812513","7.406711258337399","148.06376051460552","182.7707224217639","-55.95334511052864","162.39824212466303","-55.76387873055198","-28.76596284040594","115.6903789476023"
5,"14.5",5,"48037.090845125706","6337.571253604734","7137.303725685415","3365.456810119523","424.57849572545535","920.1301873948709","518.1882789804058","-9.203263647806462","92.10205267911125","141.0559676031749","-107.31959276759962","146.8235731835805","-80.19847540289281","-13.139363489521578","110.7317764696954"
5,"15.0",5,"47948.71969141627","6341.894168561208","7205.231690548906","3460.3384128192392","418.25815533598313","943.1685334136927","523.0412492910536","-60.020617203156796","134.00154614591293","178.22165995900068","-97.17483803839846","194.84168540775838","-54.236210916968204","-47.23148750701232","116.66201115548641"
6,"-4.5",6,"47900.47279129157","17424.93953277596","10073.474538012792","4109.289867453362","1091.5005692537673","2376.637965523717","1093.7585625653326","156.2005050882904","163.41637045435385","400.35022952947963","389.90593232684864","349.67914522252084","76.94201184925264","71.44386774341672","220.2276268472698"
6,"-4.0",6,"47264.39970539056","17613.49986089661","10191.296598884846","4060.5733950599556","1100.7834827197987","2402.8502374450254","1098.7226596346811","147.06847420810578","174.92096100210819","382.91936712232047","411.30815551239607","342.5646754147937","80.77474729764599","122.56916420453638","251.8834807964605"
6,"-3.5",6,"47080.102185981326","17219.713878145296","10236.937780698081","3984.7936333828598","992.2207475323476","2345.8724858673922","1077.01847798103","115.58111077857785","177.362534841819","401.09353186098826","395.99793434695994","355.0960099396269","91.61030717327621","123.77027128172051","233.95061369548205"
6,"-3.0",6,"46912.97007511988","17718.78871855922","10130.466842237867","3923.019805481534","993.0691967909488","2393.287015024379","1064.165014064862","126.5276710882095","146.01222397689293","352.97383841002335","407.0900918911336","322.26984316418765","98.17399666046371","84.75332592768189","217.56768813827046"
6,"-2.5",6,"46240.50583504523","16795.20813954578","10184.139443912742","3890.699720562801","851.8434118050241","2273.680668019263","1007.9200135793515","99.67601453584399","116.31812203207043","329.5605682930089","340.84824842236685","298.5096844814686","46.53241188718884","49.81355610838648","213.16402576408552"
6,"-2.0",6,"46498.25115497085","17148.018478393275","10192.08814755929","3868.6008011901863","907.162130868725","2357.099592625916","1013.5703971848645","114.86696518522336","159.25680198902654","355.4668082511865","387.85567501129253","361.62382133210684","99.96778642959116","82.82347889181199","242.61465430067244"
6,"-1.5",6,"46272.282213711514","17077.360768583698","10140.690360970135","3818.0939278728288","874.4238538971472","2319.854115547336","1046.1295303818422","91.89735508800578","159.0567269449527","352.2747234630763","369.09785088851277","315.18862942118307","88.56751593065137","98.42631733214273","262.46799636860203"
6,"-1.0",6,"46055.512313988605","17006.068271489927","10157.292574057394","3826.6087921038556","909.2778085973664","2364.505521466361","1012.7671200704197","82.682852687565","120.75504168144077","318.9327270470281","355.4947341358338","332.749153691496","70.17329483671442","70.23640701943681","202.24586246709384"
6,"-0.5",6,"46089.503865391154","17228.6714761194","10118.68646335688","3850.390979806592","981.3558575825591","2385.601695613565","1075.2263844420252","149.57153168026872","185.5224730844456","348.345776362025","410.5745903222967","356.22814229473573","102.32715776606237","103.09995902891012","250.946408441706"
6,"0.0",6,"45586.46387249206","16761.90434755147","10238.680346271498","3847.70344127729","900.7118129615969","2322.335260322137","1041.9354494850988","140.43214061824014","181.08679025730538","354.93147443240747","393.138018744128","358.82645544052747","102.51010570172961","77.10592859515725","237.20615621350987"
6,"0.5",6,"45172.39397463103","16505.972313303315","10185.448930856768","3740.6914487284207","831.4083333598123","2278.8951477686733","1003.1400250735767","112.19905474075705","149.23217128217692","351.42881832504474","371.0189287595449","361.83832882632163","103.12356943688432","96.86189219851587","257.31209162440166"
6,"1.0",6,"44788.81144423073","16043.661467509635","10157.266571781422","3725.6899033069813","742.5490522178106","2231.0075757385393","960.3769002188412","70.05377320363421","125.77267515222518","307.07412382491185","351.68048669581185","324.23969568355363","98.94273257718423","96.68990772527138","252.44881018948865"
6,"1.5",6,"45019.883652276345","16625.93852249236","10163.778578785968","3706.0424809703645","844.5847132799918","2331.9025621267992","1029.467199185828","93.90066908767818","170.3972362404906","349.2769371822672","412.05416937264295","374.67940078851495","117.153379347687","128.0099372346491","243.64819033239235"
6,"2.0",6,"44703.73629022912","16312.912989720442","9988.88128024926","3777.3942543378516","810.782313953463","2226.7005682459935","1011.9836648519752","102.9566988237487","178.9726685747159","376.4315298127336","381.34362661845694","357.5291879589283","131.62176388562744","105.73785090417744","226.0403552034103"
6,"2.5",6,"44658.52151270677","15429.985726987725","9931.3827911413","3901.397014970617","659.2615064723518","1998.8793774519172","944.7771851114483","156.66592133621188","201.47767168845638","344.6467790838315","301.19239987063656","381.0736849153224","147.8371550192499","142.6547938812872","286.50372922043596"
6,"3.0",6,"44126.45094668212","14138.987588683569","9884.26850418392","3946.086417731098","513.0264783807766","1746.8402135819665","876.2163540897749","157.310349882748","214.95694743759094","382.63492710711614","246.77537751790592","420.50699519543235","147.1434523028775","164.44901879568792","307.0587445109637"
6,"3.5",6,"43874.19719471102","12469.993022299996","9934.90325474206","3950.9662765309145","447.4202911625611","1458.3528559656215","772.0593072631722","95.0649300158646","178.79963784845762","341.42895152513125","189.60234196366164","390.6238215597545","107.78427044769096","131.11791090275585","236.93959242050084"
6,"4.0",6,"43455.776185991264","11371.550892851437","10004.667820605766","3967.266090527023","381.1059903637192","1335.8602529786504","802.29348383609","72.67574189031538","198.78733313958713","365.6994903606449","147.29208278705042","366.58707538323955","107.97845585509326","98.1103063329391","224.98965806624471"
6,"4.5",6,"43189.501090013786","9931.779023837815","9982.108236585518","3970.6254134551045","259.3262462288381","1143.9856974152422","750.6957797826338","70.88098158878469","190.49106475539423","352.29164107347225","116.73288213047422","334.3966961805242","124.22419875393284","111.22872152421871","259.13290501863355"
6,"5.0",6,"42638.41058912994","9141.080131334014","9963.781326770264","3911.8040032223803","281.5562701318454","1120.6268239404517","753.7050711774644","54.16712009089028","207.17430414114386","347.45639604877704","82.30369346688774","361.69112650799656","109.91796904607195","101.45544659403015","254.46554350959184"
6,"5.5",6,"42026.11411313282","7373.6460821514775","10011.311486266326","3878.54418315406","218.88506965503942","955.5648276024858","669.3730262223916","63.2871647737455","214.7530571935451","345.5055284239373","67.56241174027325","336.8463810720131","121.3353371503295","104.8174306209836","222.49295087259168"
6,"6.0",6,"41568.963312250096","6400.400639281536","9858.166091258514","3898.2497528710337","231.03268572113396","909.1294243445441","646.6420588166433","59.44064091851837","205.5291653052363","324.6804753899708","47.45708718279086","323.71988529872664","74.5108928611567","82.93932883353648","250.56866139245074"
6,"6.5",6,"41069.243061255314","5178.240236876967","9863.406155587572","3827.4908127218323","149.61317283629572","819.9302802189272","598.1051033295615","30.495067357375397","128.79666038445856","292.67031422154093","30.031562555109907","294.18893202468774","72.87797719530731","75.46855546388214","179.81504633076457"
6,"7.0",6,"40343.759309196925","3752.303425112511","9875.563375336686","3839.4018515412404","168.39291401714402","774.7697030028767","601.04983355406","23.119549196120566","179.45618573990618","331.3017783019389","45.97135167413573","306.8796662349193","103.46512618498586","85.30801262320495","256.1248250257207"
6,"7.5",6,"40005.08243812788","3301.272531113772","9967.012283875518","3812.040295099463","158.8270657521862","765.7865436870184","606.7757628875728","46.622156442892745","189.83730321807224","349.12539941695223","52.386189262065884","349.7219963116433","95.77130018017105","93.54291388104991","232.42977774100302"
6,"8.0",6,"39703.17099505239","2977.723773185364","9999.56597763754","3830.396798902329","143.2178189232732","786.6437433750916","604.1223480276052","19.20547957920106","165.648235280719","304.7808136131983","61.59758058540358","359.69750602832835","104.14055749784238","114.49119028732127","280.8650482755221"
6,"8.5",6,"39624.23463561942","2709.607035610507","9957.789314827867","3746.4048148979787","181.07284694005514","730.831640688336","597.2655407433311","50.474386669930794","212.18711537829648","329.57250473123037","55.351763377680456","347.9246584685904","98.83555334391217","104.76368925346867","280.2448302661952"
6,"9.0",6,"39227.70111400434","2408.801208174054","9846.383951110478","3714.6000535859753","84.41371696430227","722.8932638211742","499.8569518372326","-6.521470006776248","163.1441252428121","273.50480777450036","19.71580152142034","342.51674725836455","91.70311736328271","81.09607654205263","232.57422433418458"
6,"9.5",6,"39363.7911411479","2552.43937702424","9846.094921402855","3667.807930488816","112.0200368313954","701.9836664737032","550.5333571571034","-3.1048041157663775","186.2746159750631","308.4089816321828","4.0826525614112725","350.0872103835845","107.073924724587","96.8600269221921","244.66187575635797"
6,"10.0",6,"39154.744353249225","2342.2863835539806","9849.46353047751","3645.3424672149563","121.49468772042886","674.4048975425713","565.8705432763917","1.0450413748586342","165.99610135751112","318.8516216766571","55.103340013010815","318.5932988174015","98.84733870004611","121.11225284985505","246.27335115819767"
6,"10.5",6,"38793.969593307374","2332.4322149304267","9821.804550332863","3645.7863383380814","50.43518280647689","685.4686867423349","515.7424780458102","-32.598273452086616","153.03738702006075","304.13790328488045","17.955170676972024","347.55928211267855","97.78326964440866","98.39044227161719","233.5794857385198"
6,"11.0",6,"39198.691922573365","2300.8110960680365","9877.370969822323","3602.316857135005","151.6676916009474","736.1049132705749","580.9564317128551","35.99324270595283","204.38158868163003","319.2960600688821","48.32047417027312","349.5227524167639","117.35948008601194","143.73433499181678","255.81984500497003"
6,"11.5",6,"39126.15056625851","2396.1642744880537","9839.825443623518","3598.4252012079364","71.79263008856836","671.4492740206043","560.2401794794872","4.109752584082877","182.41660223082698","265.441180097779","20.958393099191802","335.61044069445114","92.19509731764337","100.64115706293785","234.73171329044897"
6,"12.0",6,"38973.619134266126","2275.344149197624","9837.421693464941","3664.9119574818324","72.63575505961902","681.3037491170732","574.9627077054135","5.053693895865386","164.3489126304002","297.4858964327058","27.096376157106455","347.4319627364145","109.56847728086272","92.04645133035444","260.4775468160377"
6,"12.5",6,"39148.97842212483","2382.689283818977","9796.991795481907","3557.3967420594854","142.5330993830917","772.0507940269399","570.9990945213693","44.16827781458717","203.63234511111494","303.2094722890462","53.62228763118348","327.67704845007273","119.88927335569615","120.46431711729872","284.4165830459989"
6,"13.0",6,"38769.41273932248","2170.016961703628","9795.948915864315","3443.257272456733","66.33566493279935","664.0820111273806","470.4950811213369","-54.7606045902525","161.357212513526","246.08450162562545","51.66824086310059","310.57889932047414","71.3291854691909","72.6039640432888","252.07452651576466"
6,"13.5",6,"39001.523699145546","2616.910637995003","9745.103169830565","3447.1230144025235","16.24039487156236","714.6039373046884","519.3235009839725","-54.63546451667109","167.15707081992008","252.56773498959743","5.075474424107519","308.93697305923337","84.34410447149257","80.64731607447595","235.92292310763207"
6,"14.0",6,"38735.58282535067","2164.478439467071","9654.691665211492","3370.375038735747","43.40709410044295","665.6646975029366","439.0579102724635","-72.83690396597052","111.29998404835912","219.52634049630197","-15.34234960235161","292.3240152872285","31.645574259632482","65.09090884947057","219.8824020861365"
6,"14.5",6,"38655.92066231429","2211.503237589542","9676.63822599331","3337.4314125262986","39.07455388537895","692.6109627179527","483.076400746653","-52.446462915033564","162.27076399285437","245.23039141687573","-6.364369934097645","293.54336650965996","39.83376304679523","113.46295987564474","239.37726908723914"
6,"15.0",6,"38611.85536865138","2249.6328462219617","9572.381226929367","3329.9013197790327","6.450388964905898","657.9081569601435","449.4199524631429","-92.69550656209609","101.60820325468232","202.57887555755966","-35.33853956152832","259.5630400343275","39.96072409361322","44.21163945594651","237.36705726376147"
7,"-4.5",7,"30970.070638003184","4344.162591396506","13746.814505491535","4198.091583811931","234.6367223625575","1049.2145077674732","636.9258298516037","259.23036362307334","450.257572533795","1016.0825366001078","434.9610086197094","74.56230984760487","48.63916214867373","262.16873520075575","353.18555418967037"
7,"-4.0",7,"30912.592010030217","4175.64493960463","13239.216655612134","3964.7875939851824","113.04315058521112","992.4259390188186","547.4630472079906","208.73829748117328","423.7296586231444","972.1134739270818","402.4952563284409","55.886747545481285","10.936258112451531","197.1982695197415","319.40139535640503"
7,"-3.5",7,"30448.694923204523","3876.021931069264","12927.566943429292","3801.190504364042","49.022329469569264","863.2622863389347","476.6763934282267","138.48068794691406","377.32006061600845","908.8939756479753","381.4604220737992","46.24667898126131","18.150344137900042","234.1709297470123","310.14054733004707"
7,"-3.0",7,"30394.141621654868","3979.703551905063","12590.128043116527","3563.1599192375065","-36.564179886636346","842.2629047988753","430.4395753389317","77.47013138423954","341.74097231648994","855.1217028124321","336.67632094015147","1.5270260345985225","-42.773629203693815","161.9952245860173","260.45607537908256"
7,"-2.5",7,"29848.4769082764","3277.2907260389948","12249.033354747662","3282.3094889663894","-105.79170374174191","638.364423778658","309.54922072342276","-11.934491860364421","241.2103828679013","780.3657423385482","285.1946076848068","-53.84466325776816","-88.17188122607871","120.75832677652016","282.3232500340745"
7,"-2.0",7,"29620.166149760535","3302.0515615075683","11904.47029596789","3115.538677806627","-221.13212038564467","575.8235568173027","162.06881122999627","-115.31269541961653","177.1991533501276","688.8895678372005","197.78685304778867","-110.95255176608111","-139.69963245040134","76.9475063272751","216.1219314011497"
7,"-1.5",7,"29003.72094576754","3071.3288216838573","11550.1141666931","2995.8238022639894","-347.4681147982242","492.4948686161301","59.20139585171497","-185.38445777213764","111.20915065094945","626.9361336246869","145.7018404664526","-153.40456320628164","-199.30497968593744","32.178422298010716","178.9420641707273"
7,"-1.0",7,"29039.230589275183","3142.3754430105137","11281.123240649498","2861.8589330127256","-338.61558919528767","458.96511308637713","24.26006262479582","-202.47114950643046","79.73475088732934","642.0866251810791","129.122048201987","-184.05773493836185","-227.22807010111381","19.60340050733184","125.05501004701507"
7,"-0.5",7,"28393.67209290494","2686.6571605351455","10884.787114552595","2652.7788912380784","-408.68248834435684","350.8251461124077","-53.48437983967466","-270.92145283542385","37.026604450369945","536.4785275287844","63.63447100449858","-230.3564855266777","-263.6595625805068","-24.763007750439293","110.5835440842596"
7,"0.0",7,"28040.987941214018","2791.7105041633886","10578.788202022974","2487.3855061295785","-532.6370202333519","260.30844557758877","-192.64507562206344","-382.4189144886338","-82.68300217065112","472.4081283043105","-18.48758197555717","-320.113245036885","-330.88140051445015","-66.53187227502843","83.7746476144333"
7,"0.5",7,"27759.46438701484","2704.9884022120477","10419.332504926015","2407.1740356419746","-519.4008111297953","235.46352941631443","-206.7276465278047","-365.3299308815005","-75.28667168153802","467.03180450415346","-14.562924630807949","-292.8923398440354","-306.5660347637335","-64.6804606609573","101.5632670530375"
7,"1.0",7,"27516.043272887448","2545.3139278941076","10056.547385608585","2401.574893222072","-614.9990486010897","114.12357003269966","-300.5873230053867","-413.3681837784358","-127.16192917089771","401.80965411475324","-60.856237705307734","-338.08735645029924","-382.742105790801","-124.07537068959067","29.157465073324243"
7,"1.5",7,"26975.227884512147","1358.4184392057346","9732.831259079923","2297.6474084489396","-693.9904513277993","-51.407596267371055","-346.1012534496176","-446.4023777999043","-148.1058633351419","360.45629737068145","-119.19462481438642","-360.9507091970446","-398.2534093843534","-156.50067442209107","36.177683736646586"
7,"2.0",7,"26705.069998123116","903.3027141583375","9605.603429190942","2261.4818519641944","-804.2905179723602","-209.47240102818802","-405.24731027789494","-493.7634659991229","-205.530792821238","325.63675831489246","-183.58367572449163","-403.3959176666958","-427.12690627237623","-191.23163186955517","-10.815866329421983"
7,"2.5",7,"26479.621951988","809.9984124677553","9451.824339707193","2191.1542319252235","-808.5784583543314","-219.96047263386214","-456.132800561114","-488.0554177497463","-183.63855888236932","316.7885892505954","-176.31482264937256","-415.5805497576058","-477.8066321079799","-196.55119616938296","3.0130933824124035"
7,"3.0",7,"26195.44763232923","136.62680710635908","9146.73118023855","2022.5077800121985","-855.6988091119465","-334.81060736991645","-504.63770639013273","-562.9438384910552","-267.07013032222466","248.87341370794897","-226.53163096608762","-465.0341258904847","-508.8369937326555","-248.46498935992705","-11.183036732131217"
7,"3.5",7,"26031.948156984028","-110.60683745302558","9095.181298867776","1973.2453643510203","-976.4836392515269","-359.0767075391955","-577.8677937889433","-608.8672195267784","-264.17906501978376","192.62376346592407","-246.32402708558095","-499.0859131425741","-526.8450830407554","-262.6796481186281","5.348850929684527"
7,"4.0",7,"26239.102678112016","-188.72614945793984","9050.506503149052","1912.2271220906364","-942.8718088700771","-376.83962021913254","-543.9648438221157","-570.3248484945777","-263.3923488224247","201.3447238765829","-253.3282069124126","-477.9978575526868","-518.8966783539628","-241.6953635308727","-45.611995176855906"
7,"4.5",7,"25941.649383623386","-360.2943494822567","8821.359321864455","1778.4032525491803","-957.5578504089694","-440.7095859288052","-590.6860539116083","-618.2002750486397","-325.6697750411478","157.8020102943218","-294.7599963822246","-538.6747797529697","-560.5848910973849","-267.98193435323486","-51.13508153353646"
7,"5.0",7,"25612.24808131603","-792.4550497868693","8649.780791433004","1656.2520766029058","-1031.4957807609483","-487.16068705942513","-660.3323157727555","-689.8490831402335","-367.42604898602974","103.19011736840557","-330.6675199093553","-553.3750167888829","-583.8464976459212","-286.93876668977344","-70.23973608747464"
7,"5.5",7,"25681.71246334873","-817.2646491115747","8639.34320042125","1712.6595661787287","-1057.3674838547115","-440.01994107633897","-626.8056601306316","-657.9382592081208","-360.0908226616501","149.06813001830722","-309.8939383393855","-567.1009476430422","-585.256808751284","-262.56907537477326","-59.890835355159105"
7,"6.0",7,"25365.230711245582","-1069.4590222936542","8408.323371633172","1489.8873145765185","-1074.9965595604306","-509.1730401007754","-703.2349508300114","-729.8336235500985","-405.7024412488314","92.87100424547211","-363.1601962675059","-595.0726351905896","-612.2734775332327","-315.70325459424424","-80.37062600852995"
7,"6.5",7,"25064.227770467638","-1282.511336636187","8260.007905517092","1401.5198278845362","-1170.4764058713197","-576.0969539387011","-750.7338344545028","-784.0728150980191","-468.1917723784803","10.377137324611654","-411.418275569773","-619.8864810772659","-695.8949959423034","-398.1356016170343","-136.73501334160403"
7,"7.0",7,"25025.771180332304","-1326.736935587166","8156.093102150838","1415.5995284906887","-1208.250729529462","-568.2682676444462","-751.4886656581948","-770.8969242854625","-450.7939886245439","13.127062978100732","-399.9297574400212","-635.9347427326012","-653.3989631454373","-362.1115303573835","-120.50740439294249"
7,"7.5",7,"24836.28644902913","-1365.5990530790714","8006.146219574006","1329.963393962659","-1199.096927255576","-659.2371344336699","-816.4609049988744","-831.7719310094959","-505.7330935117933","-18.304952554346208","-428.7647043900013","-649.1998222224641","-680.7818370239573","-382.36665475693457","-125.87297120599295"
7,"8.0",7,"24614.761199342887","-1493.4698330398764","7823.356469248969","1217.7140211039498","-1255.0154562211462","-662.1716942141971","-867.9556051645192","-886.7053348103124","-532.1262618705003","-60.91747228778482","-457.99993810027564","-694.6367090937398","-745.843810595495","-406.32511953250076","-157.70829812813633"
7,"8.5",7,"24549.499833257818","-1478.865666336007","7852.588885932695","1219.4944824003799","-1245.3031926563265","-638.6780266822626","-856.7184345077258","-843.2826285789253","-522.3082078738997","-35.91241588517291","-449.9874174394584","-687.3652519157669","-705.4672857984966","-405.9353983376822","-130.84661367871934"
7,"9.0",7,"24585.019114500807","-1429.0005617614001","7752.28290411242","1213.0172924887204","-1222.6461366987144","-632.0025069032336","-823.9307212013796","-811.2849619638429","-495.6741012111835","-16.16239714975827","-463.64497616452337","-699.8507894108567","-694.3649792895623","-409.7531344151416","-159.1803281242677"
7,"9.5",7,"24486.2644890423","-1497.6906791386855","7694.587376634669","1168.58331107977","-1294.189006538052","-616.5712822467831","-875.7513811714581","-885.976152992717","-544.9392789973236","-72.96147495972778","-495.32310826376334","-697.5396278383747","-691.1785344954377","-444.0304862605346","-146.1762279366518"
7,"10.0",7,"24551.42369874787","-1424.3717649761384","7613.984140917265","1080.5045402681446","-1258.2237192180012","-644.8862071762047","-886.0970029058109","-880.0542834915005","-569.6138861090342","-56.76106561993984","-473.94158948248133","-694.0039349297657","-727.9932693260761","-423.19618262952093","-133.1283338214322"
7,"10.5",7,"24531.922102448305","-1474.991102613697","7541.434095854671","1009.721598697284","-1323.3691644914722","-695.1841602745554","-932.425552212194","-893.5681399333181","-583.0075173078349","-82.3291672677623","-495.4185167750082","-705.556537252167","-738.2788091650343","-427.21403643219077","-174.30499899990548"
7,"11.0",7,"24424.362066121554","-1635.8047609012924","7436.9334148358475","999.3810386639386","-1320.2732477976285","-707.2877334076339","-954.0105644473061","-913.7646140924954","-613.6699850644443","-141.38494272917765","-531.6458983853702","-746.0607372487624","-766.8643335522244","-443.16842343885577","-192.47725859994182"
7,"11.5",7,"24352.398739144974","-1541.398721544986","7356.254076571994","988.7634296708304","-1357.9653898377453","-762.7988883534873","-985.5654238631356","-972.1478000479449","-649.3608287858478","-180.41681271412278","-544.2335465909321","-770.4914941572102","-775.8360720624589","-469.6494488898368","-217.56660409621202"
7,"12.0",7,"23932.36081968357","-1655.1921961138632","7178.7089834634435","879.2335853307593","-1396.5130900729291","-780.1691341303564","-1019.9631575137129","-990.2304235997378","-650.0448393130328","-192.75231768393536","-546.3602531527927","-733.248380603702","-799.2779785583591","-483.739043230443","-197.14868738246253"
7,"12.5",7,"24269.640991422017","-1555.0419927594812","7231.948540046735","927.5622188753775","-1320.8792022455684","-738.1199799225775","-983.6563175811162","-941.1247107362293","-608.7785510620358","-152.004580714783","-512.8996936348847","-745.2503769348062","-764.1079036235344","-457.55298141529914","-187.02920313265497"
7,"13.0",7,"24357.687383959073","-1545.824094227266","7216.706008871167","904.30901728301","-1311.3177076375298","-723.111070246414","-971.2255959391742","-964.4192388169114","-607.0784100807045","-153.87372503123578","-522.2498810043196","-738.0886501053691","-750.2662234995055","-434.7930298421383","-184.32892155760226"
7,"13.5",7,"24301.995836903105","-1535.5593228676921","7202.257474353141","860.4282463770098","-1349.3530482527603","-736.1039880644222","-996.140559248369","-954.0338726331325","-652.6477024938704","-160.51374141718492","-525.8823714706439","-757.7560228016183","-773.6444002388102","-448.03310524399234","-190.0928252489183"
7,"14.0",7,"24382.924762666793","-1495.179541772999","7206.257056172709","861.9563402938959","-1327.1976243354372","-680.3822908288349","-961.5165189352821","-943.5508553798446","-607.5085468134421","-142.5615008943145","-504.126969007823","-712.2433683796463","-734.8769298575061","-440.4362107237018","-197.43588062293122"
7,"14.5",7,"24446.273460430053","-1604.9527275413152","7123.556619743991","750.9500530440139","-1392.3777288585234","-736.4505839659965","-983.3212774678983","-961.5371056970854","-602.6559506017331","-158.80208704327805","-533.197374384735","-741.2158685762948","-758.2984886602899","-462.5665466602956","-191.70490942494132"
7,"15.0",7,"24511.07322350309","-1579.718310981783","7093.09998413108","765.7119256249209","-1367.7225350971257","-753.6836678283058","-983.3838761402759","-965.3785538668109","-650.5057955427105","-166.037691354613","-522.4392902316897","-744.7530451044078","-754.1825899044959","-436.408835809168","-195.25254030135136"
