scan_pk,timepoint,scan_id,peak1,peak2,peak3,peak4,peak5,peak6,peak7,peak8,peak9,peak10,peak11,peak12,peak13,peak14,peak15
8,-15.0,8,55093.92900549886,13979.323046139089,2708.482600442462,1658.9878882916405,2732.217137922371,1573.0223036277894,113.70544450698637,178.20736156801377,176.42328517293677,129.35993114398,100.84496050432097,204.48877507145755,190.268440926081,106.38806374366447,82.2430496678679
8,-14.0,8,54327.31182027071,14117.586671157196,2635.7052108353255,1643.2178538460694,2656.531455456255,1582.2753323092572,60.80971946560179,150.00117252347172,162.2720419595975,102.72235666015075,126.85924290333912,187.86239725567805,177.83971669181417,57.42377109666381,75.13175293234507
8,-13.0,8,55143.39202918859,13916.18230854354,2669.282336597486,1683.8732202911478,2784.795817362621,1621.7127614928374,122.76779733958253,177.52387311498572,199.58616943146635,103.27560265053575,137.7015034168611,231.3397075756792,179.79860752891707,128.41817140823744,119.3998642061149
8,-12.0,8,53876.007308857676,13597.273073710205,2432.8905794922653,1451.2785096661478,2544.6067302249126,1464.4938544713007,4.51323230383216,91.92834268216757,115.49282878796329,40.913934043769984,47.41989503090245,170.74933325936297,142.19497139144508,63.4681410995596,97.60202056750336
8,-11.0,8,54387.6068372687,13640.655488505701,2514.435232676654,1592.4489205123523,2676.7853780127907,1515.5264810918536,48.3761083297488,110.82410946240316,131.68822377274128,92.71956327705124,76.96611204843191,192.61810395848272,163.59914304439948,61.70906870747365,89.6625600942723
8,-10.0,8,54343.22914850887,13658.041824888352,2447.1103831370824,1578.1642122172075,2657.3384426038524,1542.3019436561558,42.747743573409,99.14468137890185,149.67546253535616,68.10037007433579,51.79573368053376,150.2428262458883,144.59073991205995,61.27427365430606,58.101662995301
8,-9.0,8,54528.49999267214,13810.000211988812,2550.6959259404853,1661.1922818150301,2701.492000444838,1587.0639980743624,75.56181230587069,172.85994124886383,165.8123446740523,133.91917930254291,108.00912442664264,207.21259464241882,193.92126945459293,100.19971545453734,98.0432673276465
8,-8.0,8,54705.595442786944,13137.413614149405,2560.500066799172,1842.3077416624365,2569.066288750249,1431.9028598656394,103.10844862976793,138.81557000744533,210.23283069656017,133.22772990043038,92.31108404616396,122.55040124340336,200.48415895024326,85.82924380121983,89.89724716251476
8,-7.0,8,54588.32746536657,12642.871782674878,2518.7966316667785,1922.7245638379882,2486.650934966901,1425.5646060277782,127.90819665640646,125.6117067583657,240.1877285833069,178.52347565372605,88.35974641304222,136.91008320830895,236.5556251189628,126.9992950568375,103.66599211433936
8,-6.0,8,54173.352553988385,12304.807396675064,2503.7287696839253,1956.5551612846907,2383.1180918145938,1336.0242163555167,155.255444472034,151.80298492751263,253.01510492878614,150.11071234964692,100.37172393117987,140.81768458638373,228.0477966390013,99.74504599360284,72.5551852995013
8,-5.0,8,53993.63572528423,11718.591156565582,2418.994021705084,2026.1419944649465,2237.3086174998707,1252.061702116655,179.29300626053006,106.23593916236064,183.8059559341535,174.88232769977975,91.71572005090832,127.61094809089046,205.11590803128664,109.99280838732022,105.7789251330554
8,-4.0,8,53733.48186561615,11454.311330554048,2518.2565173232388,1935.127382746438,2247.692069688197,1289.7444591713418,146.25712387319274,116.95164346504384,210.12262280269405,170.88582657757541,105.21018060575364,127.73215105271184,207.86015370714497,110.39970359676545,96.75149135094307
8,-3.0,8,52890.32888755406,11146.875120972953,2455.5912397376856,1905.5730354649168,2170.276488482908,1230.733448992831,143.85813949774024,105.01006472710196,166.5121586387764,144.3433901779203,83.35249772438385,132.40660489710297,205.29037021249522,81.51486156250837,101.84784188550259
8,-2.0,8,53319.718319135725,11067.048386456167,2465.008996541136,1967.4535078060785,2226.2158844764954,1257.2922553673636,171.14245558023936,112.40418583725182,189.28208927949672,150.06774119159917,95.53680781659966,132.35099165824602,202.05788439943584,89.47128717888086,99.76819874848081
8,-1.0,8,52622.6997551024,10821.729946784499,2428.6441136799144,1936.9390619561773,2109.229102051131,1286.0183969218401,196.2820260935789,100.95769912680316,197.61476376434038,153.55004607215614,80.31311577761687,106.83068548439347,174.49807994238407,111.37840504163864,110.71076845093455
8,0.0,8,53134.819369104414,11050.081193230892,2516.6142683606763,1984.599648335145,2193.4928666068,1289.2678951243831,205.1739475499685,131.80026344891348,213.69729068286696,183.09063930694077,111.61037854338781,162.7371264262398,207.1655051972223,139.61343348453582,119.40072465062053
8,1.0,8,53182.24983608664,11155.217587816,2550.8062563797666,2023.8896370556386,2262.8204237172577,1347.7514057789335,154.02985548618878,134.1052120491604,214.81017365611032,209.7359771932189,125.17811177805254,125.89522278731134,223.92401935432807,154.42734927844094,125.36954064964539
8,2.0,8,53652.41715451694,10936.86937940806,2615.4839444200366,2038.5180296069602,2262.142507639937,1340.181161236743,208.76665817621165,183.65707279572055,247.00870111239928,206.4409131703452,134.75218416257178,141.88426955072066,237.50767932959187,154.8205774651418,111.52710321794063
8,3.0,8,52940.66490804257,10763.583520880104,2520.49983265962,2088.632852217639,2238.963900566983,1318.9718070132446,249.43923001604844,138.72705436387332,246.26600481346335,183.07403447371593,118.50035006022756,149.78449944264196,245.58596104432743,146.69544091115927,112.58000506850897
8,4.0,8,53462.11441335052,11148.426412980773,2608.509346112492,2037.0897410520388,2278.697135955827,1343.4256670644304,220.45399925398397,169.691003170982,237.02384154977548,209.4465582940278,160.05721426317234,185.980698378905,217.82182748303651,140.74536137620646,117.93246353624431
8,5.0,8,53218.95076993154,11064.286260683959,2449.1286036551896,2015.4367777910943,2295.6890937771054,1329.827013420422,169.5506495451641,162.23690413432067,203.35465452308844,180.09001227568473,109.43302562939732,183.65017366726067,254.55726454118965,115.30002381359864,150.57472390797602
8,10.0,8,53058.01970652915,11099.382972344243,2504.737942783023,1978.1353820937961,2264.6172321348226,1330.2124788871824,178.11693394642134,141.27254700182928,195.39910169517188,177.3923459362083,120.39839764324972,133.9701341401559,203.43309691901894,146.49272993529348,135.23076197695354
8,20.0,8,53680.764798019045,11307.554332054762,2695.323417465778,2033.4755105909858,2460.7354597149274,1458.463836462174,264.1043408340629,185.98776120419237,267.7863719374999,224.8871312649229,137.30799730034812,145.92625767784114,250.95059060540237,150.0300559880095,123.85514905283424
9,-4.0,9,55381.1327744658,21248.04731356149,2597.6595150492294,1686.799898905208,2601.7383224040723,2509.3845459800177,356.35044992472024,152.26452290958883,181.83609946845556,238.19618324667283,29.49682097309855,251.98262200758654,313.1814454424611,104.07302252976584,72.76439733048922
9,-3.0,9,55018.28911356791,21363.314745425992,2498.2088222975945,1546.7978269099435,2492.715119671451,2482.3427060590234,329.86703740888254,128.3298518740626,150.91257934051026,200.62257557286387,-1.940280769365387,256.66122409823674,300.65596308155267,82.07934704029424,50.38196608490495
9,-2.0,9,55295.846325367245,20572.1548445023,2487.3080291985843,1593.236502240146,2504.2817386227694,2467.5053005380796,288.1608941193582,108.87848994527852,157.47343248786134,236.23149594755284,5.209176331526891,235.52367622841052,330.33038941848775,98.52047705027178,41.257217850206935
9,-1.5,9,54978.9746654892,21349.286710140095,2462.980009084088,1559.045738713712,2556.5670258483115,2461.9085152400507,336.69033362288417,144.46151126398473,146.9828381644267,195.55669153394487,18.49724570334783,241.9834843627525,305.42694970250585,65.18040856391838,58.100513420124635
9,-1.0,9,55461.344941609685,20640.084180593178,2528.0926149368147,1705.025091637519,2580.674223401091,2496.199816727271,311.8376394041435,134.3472727478407,196.5664030104535,188.1033935388383,18.513662168831928,252.7371493532478,296.82670605858965,108.77782010857743,51.83370429503391
9,-0.5,9,55280.53079113417,21042.48673231996,2501.070257233326,1623.576136456298,2527.3453382289135,2472.907288958351,337.19531320234114,142.41169091233158,143.84162348210177,209.4014410950914,31.925295806607068,265.28223298468424,316.8738519671055,79.91371753571173,91.60273146298285
9,0.0,9,55484.80801745185,20462.87824628867,2537.7801785106008,1631.6531732382077,2569.735367882286,2474.3650426640784,315.97749243032706,156.10550667422473,172.11088384794513,234.46908268143955,39.68647172102973,265.9454776054979,317.7564994135345,100.23140715210036,90.9683572394543
9,0.5,9,55470.546789921245,19777.97826361797,2495.1714987871574,1665.325955141713,2595.1701747339916,2374.733217999961,273.6598887002366,154.3586162249099,185.70544630912556,213.1390241527798,-17.525454747972532,234.4250999076196,311.79352350262997,103.9522535655218,65.34913799025304
9,1.0,9,55116.766771611976,20470.153701492567,2412.2734317577897,1600.2836126992295,2490.1270333873053,2417.3202003765446,259.80446954711135,117.31522087361762,147.12224075751936,156.90086573550786,20.930819962503477,214.5409476375487,315.72443485076786,99.04834873320067,61.54710228279129
9,1.5,9,55028.04406489234,20111.077768409607,2363.7915136888037,1575.6678561712515,2470.600381604929,2332.190478556522,253.43730693103166,99.8732680071885,152.13239832425046,173.8875496683637,-17.521060252972717,195.16840203182664,288.6857321109673,41.63868128927094,26.374498770461123
9,2.0,9,55194.69850440622,18291.977090596833,2326.5182573229918,1722.4927701005017,2371.527299188947,2017.495736567452,170.76107263352932,85.98807522741804,189.93022633708026,193.69095022661793,-42.804281430857515,106.26585274932836,297.5240709197246,74.00441502903516,37.39981364334319
9,2.5,9,55076.63939797983,17850.192301724488,2354.2932838681218,1832.372804175529,2269.6459635156734,1822.930657727108,130.52289524888084,87.21244149321687,217.34790587361155,208.41513720252522,-84.99492368369297,87.00593844610623,346.47119488997276,86.82798012970272,21.591045342011803
9,3.0,9,54223.03196729077,17159.128604271205,2265.5645461636714,1798.1247106218916,2091.7910909492934,1627.4263198139167,132.856741816765,66.13130308979025,150.88566372947997,184.80918329207714,-99.73883229226422,10.083467130591757,293.98106612681516,62.12033283494667,-6.85557291424896
9,3.5,9,54331.973180554785,15992.246258458963,2254.0616600109424,1852.6817451148231,2021.006308284845,1590.8556866002828,115.32850633338609,71.11684912497553,180.99288919700209,227.4650242443755,-112.15275911542736,42.22753043504484,316.344920363231,70.90036263741729,18.520547231507926
9,4.0,9,54732.79386603154,15219.669642943129,2285.3479700277953,2008.8512155287035,2078.153298059445,1522.9485473288182,137.20100917299925,71.6571466762371,235.6676314723529,232.72033419792444,-81.40277989047732,-5.0459898868168835,301.06889611008586,109.72566439172638,62.41849011043775
9,4.5,9,54375.224338041546,14019.740910673485,2320.3470360625347,2064.5552313194353,1972.5458456387291,1475.0182454740093,108.23199513179458,31.482386774815993,193.0435982211488,244.83303465866823,-69.66783359738989,-31.19006358305434,321.42114453338417,101.33647204834338,20.705403906607962
9,5.0,9,53833.760112249845,13463.23909455612,2264.5220033913765,2067.503476811826,1905.392428538361,1353.4915993034908,123.85270086506722,69.99608325114518,211.7169708176186,219.74345780313533,-84.75659166480833,0.06695719565662728,284.1693548138976,109.16610007423412,46.020234542514636
9,6.0,9,53395.254368471935,11680.890489525003,2216.5069659664505,2111.053243455501,1747.3401755297527,1208.1634529495027,90.43460179631967,40.0035525309775,176.0605327537539,250.0571609902462,-98.06927602323495,-50.376909502676895,279.2317126024311,77.85956384777671,7.310295109038471
9,7.0,9,52862.975085286205,10405.448800192868,2129.097178634725,1994.6731887436795,1671.5289000833573,1105.36596480604,56.80432088306321,-42.667453761179736,151.43150149297725,216.0687731411291,-102.48887569207105,-84.15807380183153,293.93219710709894,58.945098062572576,26.72273534969151
9,8.0,9,52204.11356574576,9745.163612320002,2107.199146888481,1980.8700076967334,1601.8307864342023,1106.6386720922976,28.62052422355493,-56.252024861760624,132.14681047520722,185.48134048515965,-149.89463941430373,-94.5575638915725,274.046887775934,65.98589193539203,10.809931328692592
9,10.0,9,51606.78285467331,8896.79459594098,2085.1265804622863,1930.0965117914989,1566.591185073903,1058.723190599221,38.55193751677195,-62.02673608263804,103.27450350863833,221.81655612740622,-158.59877325918515,-106.55641557868853,260.3241032807489,63.54023266027331,12.58588342526702
9,15.0,9,51987.29222354511,8824.657342114533,2142.9948615482544,2047.3923183177599,1662.45857984949,1104.5213087539628,58.334203595117344,4.448980444238987,140.24643631359837,236.85010776616411,-118.6480400736024,-59.68171620188674,281.456812666431,75.53979170939044,11.776675345257281
9,25.0,9,52351.23306741675,8900.61960087372,2211.8291445277605,1995.0342043811338,1755.6529423894249,1161.0155495324136,67.97737001567572,-34.38710573632347,155.36100726502963,212.70311216982566,-109.62904527697597,-80.97814199644861,286.39324659259205,81.86147587807716,7.919237895561373
9,50.0,9,52509.4704089841,8954.666836384335,2172.7091386363086,2045.6578269871493,1803.0383036619824,1218.0064703687726,75.3595376845347,-7.686467140309056,204.19193336530654,242.48727089065972,-101.8050615425731,-51.5750319788706,286.30404900559165,87.96238942186517,25.36076200782015
10,-4.0,10,47405.11453841092,32927.18474946328,1580.73795132995,1410.6876267679288,1771.4025844147286,3249.7456737684042,982.2297519132255,339.64685958469266,145.59328303260398,146.83150067094954,146.4802003488398,563.0282757831187,174.59225437955112,45.089448367479385,70.35451429343999
10,-3.0,10,47019.520490762654,32535.716521920564,1513.9485216550472,1406.7397159070517,1726.5964851143844,3241.8396604850227,949.857360564954,326.6857166267043,147.34875193937867,102.59324854343213,109.91708272434009,524.2975937897954,164.31863343927964,51.19349461308904,132.1371339080968
10,-2.0,10,47402.80261257261,31768.36465957334,1549.1472059582327,1442.532356759473,1756.622496068484,3206.0687408924086,945.2758458937346,331.9780328249521,171.41009343627618,132.82662480491223,191.35814737271374,549.1725450594879,192.22336868846605,27.530198576595843,126.45474760778376
10,-1.5,10,48373.04409649552,30698.336415861846,1670.9036095168897,1692.1829808340142,1943.5754453121212,3233.9482954876767,996.4788294525865,425.0682950283851,225.96788074928017,196.27784831059063,221.62634654376296,593.1345168116891,216.32230835285418,106.91639681079498,170.79101822288777
10,-1.0,10,48033.54014972477,30772.458857015772,1609.3038002918531,1474.2467771622712,1929.7281905178634,3157.6258878917447,988.1507175397519,403.9011551794219,191.85603527359243,177.85513199099665,196.0563077839226,555.205072346303,221.98930865308216,78.15487044274975,156.6151529814627
10,-0.5,10,47931.2735467784,31489.617091307075,1635.4048622205432,1531.1825641876446,1837.4940109881652,3346.7983543441433,1047.7560410388164,384.1181744892339,211.9085541126543,191.443593737796,226.70611006937264,585.0845895214852,219.49394043242728,52.85451815637126,119.19074222537625
10,0.0,10,47595.882870740825,30709.0953435278,1530.1374374178715,1410.8890143931646,1814.9392656770556,3169.3210486125513,959.9752610450585,334.4340044973382,148.2689430816986,131.5271106058854,170.56538808974366,531.8081770452618,187.6405498459901,30.307628328972818,108.57048689880327
10,0.5,10,48383.77048451146,29656.169266496905,1606.5206724729267,1456.097620147071,1929.054376243882,3139.933715141164,928.5369554505858,351.10958184174564,189.409776095303,142.09930793918153,202.2126329439474,543.7484239738701,185.0234725108273,73.66039030233871,135.54719690596886
10,1.0,10,47655.24358322971,30236.791476157025,1438.4161969771174,1291.056341541638,1724.2086053203566,3136.723830213992,870.9464111285863,293.2358332036585,138.97480839210928,120.33108540685275,131.07858613684533,509.13462022568416,162.98795852300734,39.28555778390379,108.9982022468244
10,1.5,10,47855.104144196404,29336.46488570949,1446.742506769425,1461.6545318242167,1736.288446697827,2918.996119571683,855.0281720414926,359.2461752483029,166.7737892140033,116.3099908764746,142.5138593847059,454.8778977715156,168.21528361038983,37.49695023428186,123.49635148009457
10,2.0,10,47473.28969908089,27607.751143663798,1421.9893662470556,1575.6164090331856,1590.7840138062556,2483.9682511052297,673.6727056032304,288.09791581519266,161.40676777429806,109.65049816571177,64.6036637212964,305.786769118324,155.71970807851037,3.3740710428973344,81.56129694587054
10,2.5,10,47634.609552121496,25659.974936431594,1440.1033522905443,1695.8031903042322,1525.4478140515903,2220.8375784365835,656.0774549197771,280.85591981541415,223.75411663590657,157.79281913260007,69.37186465792539,270.1762032577863,146.0225334010158,20.644495127394215,49.95687349652332
10,3.0,10,46639.24314640273,23709.919694205564,1411.3342725547147,1648.8245907053577,1285.238988394988,1926.8548918314796,566.5987632432958,273.0979144427556,182.07960214922153,180.10478994204237,45.61207557049593,195.35897762819818,154.76294040208128,17.972345038500556,98.17853236848265
10,3.5,10,46533.12508060969,21579.985179614934,1397.3237823547986,1756.6366654818937,1343.072566858031,1701.9102318763023,521.4323066324979,274.6863667519999,183.5826617011858,185.24406524109878,83.18348132933049,146.3438707417368,132.37401470817437,13.122418022165142,89.39869534438031
10,4.0,10,45403.41165294775,19352.59548307333,1400.5648881644872,1717.4224107264442,1227.9912545904656,1449.5508517213195,490.4985657435814,229.79788280549226,182.39699423929827,143.3058222320879,23.00389108639335,83.64146428556712,100.82250698588265,-19.234962367446848,97.31494491822292
10,4.5,10,45141.8339963468,17561.848825183264,1416.43378088226,1805.9702103862176,1217.3700073129228,1331.7876062575983,454.4650666961605,214.28525389077484,192.64945284363924,212.59074079767885,24.27339892065849,81.94459931179274,132.61313926281193,-8.162476495084853,99.15055163029439
10,5.0,10,43856.64068114127,14793.457190299452,1297.2951529027707,1728.9080443528471,1017.5593473739657,1128.3795083296427,398.8126787536588,160.8097397993933,160.88341780226668,166.03615741976938,-1.452847507613189,-21.85474561664789,97.29375863401467,-12.161140046143679,88.03029910764491
10,6.0,10,43262.17791597939,10643.736410876008,1475.9695092957656,1903.2200625724151,1065.2709113219112,843.7597963082991,380.5817820704043,179.3239600407482,183.8970832841476,206.14650130329738,37.64035570260731,-16.771386685340232,138.88499282949576,18.405997198178888,61.296694736079935
10,7.0,10,42903.30750523584,9261.604987301527,1571.9677076044768,1897.949843328258,1070.3210057123651,873.3555181833823,372.45334115884555,164.80995929401723,171.86073464252448,198.03188055319725,31.91409057637149,-20.140523580484498,136.0357029589995,-28.40762974499156,86.66357498995382
10,8.0,10,42487.476418395214,7217.680146419143,1623.292882612509,1969.168962630197,1088.212274499443,816.5283140675657,404.2310737841281,159.76570120988316,185.39107603573942,224.23637889343655,1.705989471555693,-48.98806441750223,147.74024239082698,0.2636657229856283,116.83675704040758
10,10.0,10,41655.07986045153,5808.868541484771,1541.4927876091333,1962.9261080146296,987.4864908158063,668.1622703071062,344.01092490754206,130.92748229225614,169.81213233182714,192.33589269315536,9.248477839300602,-49.85826817304853,112.77500224283469,-8.457312267609119,100.11329618227984
10,15.0,10,41771.888435932204,5404.351923489985,1591.4699940257256,2035.4543098097627,1114.3574498147718,706.2865002563153,368.0232604355498,199.7646066561717,180.12928895578605,237.34777571741193,9.527872538418404,-36.71665794982907,125.98485467295902,26.34395845366877,110.12055568178886
10,25.0,10,43016.65896639843,5478.5123884848945,1824.3483128366286,2192.9059888065894,1221.7399853919085,767.0410902441796,368.20806975669336,221.31919635325355,241.1985899138909,256.7568588042239,84.93505471989049,7.260959836509141,158.48931647849187,39.13904463460941,145.15204942285533
10,50.0,10,42228.312447557204,5230.763383512557,1717.9711287865628,2095.863424879169,1221.674371587577,818.1279195423618,360.7238303988862,211.44130148165593,237.98691817498147,260.88875245261175,42.659334405531965,7.335030820042519,164.08947205737147,32.74794197675116,115.76655074826664
11,-4.0,11,46060.844715351464,31682.59015181751,1500.8682939859773,1237.6281803408565,1718.2261371873194,3137.1956766785584,786.7605084397442,286.0731560689587,209.153033962033,143.88022068248134,79.80891019278218,318.4259163466822,206.30599844741755,30.90510001032028,159.6134122289362
11,-3.0,11,45998.0186098123,31480.954087339094,1524.747795936164,1154.0265293944447,1721.4422722031143,3180.582377731219,744.4012627946018,210.867098908094,131.6171246736596,59.73686914444072,13.840963877242327,285.6692034356044,163.18846781789898,14.474715667364373,111.21128763893158
11,-2.0,11,46539.19645706634,30425.889685688795,1536.7715834269939,1177.6921005628194,1725.7812558220087,3101.174727286427,763.6416437083188,246.4095235112588,154.8826645660519,83.9675840848228,30.416284607190644,336.40303908467394,198.94252567096578,2.9631778886537834,115.20123773148485
11,-1.5,11,46470.311290500955,30097.643052980027,1481.4406663410327,1189.9730934533338,1710.9432097939537,3064.5375122489945,762.747265253554,222.52097894758865,161.91048533222207,74.35689618271606,43.841480404571506,312.5071317392214,170.47503204291206,18.2195041662497,138.95961448323837
11,-1.0,11,46525.625644141524,29926.368261871507,1536.538949589345,1134.45880467737,1603.8268871502753,2997.652241597381,681.7596089200803,189.951723868495,108.59739174076728,-9.841502691749678,-14.33128602297981,292.613583138582,170.34935258685164,-40.32285196742845,132.78618983533318
11,-0.5,11,46965.589610511,29166.168594849714,1420.6302565719488,1122.411599446412,1615.9475432400925,2882.3958190511307,635.3249171495125,159.31469057448314,96.50351362316175,26.78413719023404,-40.18541438377266,269.32175029012814,154.3300369687356,-35.90643567078786,101.7066224915378
11,0.0,11,46972.670773627135,28985.446941990605,1378.6107995196498,1124.9690839423777,1682.8304229841976,2872.399509493527,576.5570111173244,101.72212466620928,76.47008539663508,0.6128420161195898,-63.56509014928448,236.491786748694,120.88506151349523,-53.28970042135842,100.63199922995601
11,0.5,11,46327.161102753606,29145.32131108222,1256.8345657449295,960.2199640803295,1453.0527921802343,2837.019193633244,531.6465679486515,44.964565220175466,-7.006947433351609,-133.84821711935396,-103.95422859644461,167.0545858240898,77.27312237507388,-90.3550171743481,36.36428030864554
11,1.0,11,46257.446884133715,28754.292206285667,1218.632288572863,898.2154217045456,1481.6911615228225,2741.0474207352077,506.94328397364296,42.90891586419706,-0.7974110164539461,-149.48625366595033,-113.02066311456767,158.966896668835,67.56070340560404,-111.92078449181092,-20.661190850627364
11,1.5,11,46362.22065662369,27501.263486997,1233.837725168977,1203.5194103257786,1471.7440816799497,2501.260174860963,412.00366039773525,80.8704867039996,75.32995634013784,-61.944534945458216,-104.17611347474892,81.58376800743007,113.08622518069981,-95.49584678843458,40.19670666299872
11,2.0,11,46219.06398910879,25386.439886250977,1248.9239757760752,1283.243102987367,1339.2279661225905,2146.103877073627,334.7210871578931,32.259351485535035,61.35714112134516,-37.22734007230754,-149.41296616018437,-17.361154079650106,76.9627606573122,-85.2863041464963,-18.159880469416656
11,2.5,11,45964.801974024354,23663.283405025813,1317.2439383153805,1367.3369089118369,1226.4407884277575,1983.1493236914584,356.7895192790035,56.85680604583444,80.51523150009459,-17.252076377246407,-160.35853477831003,-81.44092619730147,98.78717631493558,-80.33931736192169,48.76345999833493
11,3.0,11,45521.02962470716,21881.96219082062,1307.6503848545694,1463.3043274426295,1139.8316920934221,1751.7984875540906,324.00543192140043,88.86898833413531,73.29031632464805,-6.030323156743474,-154.684084276736,-121.88507311981836,77.0318661771403,-63.552236367408725,65.08628189805755
11,3.5,11,44502.60348319111,19452.794935925365,1222.3111651389454,1381.6113434791337,1039.5794145163047,1465.3115693802997,197.8030919792463,-8.344152371440035,37.52583672627471,-13.647784655242116,-170.26493289720585,-171.91053786342766,58.363717443099205,-111.19810339180542,33.40968635753902
11,4.0,11,43922.77166734683,17431.695292811593,1250.5905877210207,1439.9756564662162,983.0705825407816,1308.2261980130506,146.66821521576244,-24.36811805773505,12.352668896284019,0.9817172946597346,-207.12856019533024,-239.87723088560827,42.67164393604847,-120.01297441388458,-10.273514032550471
11,4.5,11,43546.712949279594,14869.933523917956,1413.0186149560461,1517.6958522121272,991.3950522840017,1095.0636737444058,153.820563589933,-39.223488932427706,50.85357740156811,31.0941043858217,-173.2196169296303,-238.16897995657703,78.8661214022002,-122.86089501341682,-9.42377173434547
11,5.0,11,42392.973642185025,13270.79877983844,1315.6074314767623,1532.242180885728,876.9796619873713,1048.1468712830372,151.29552280659317,-43.56553468191533,30.269057474935796,26.913057175563544,-209.88426853646638,-299.75228337122627,39.16556704329949,-129.55902206799618,3.0466651693546787
11,6.0,11,41398.00093402523,10627.453885718342,1387.4238184295002,1565.7166448173111,885.4824779930899,855.4459697617469,73.86135741705417,-80.24582072090746,45.48793934301644,16.017801450920096,-246.00384822132082,-351.6209189408492,26.255353307697316,-131.11429814383126,-2.6176586031805495
11,7.0,11,40328.51258189693,7779.503115220605,1397.9600704070135,1572.7823300157615,773.1268892083239,695.0222969281222,42.64963121026032,-117.3210679047011,37.88574388776279,14.355870726126048,-242.34981366909759,-365.52711203835344,40.295935592240795,-138.31527601446413,-11.910586868584822
11,8.0,11,40137.66063901766,7032.619876994276,1473.320329171202,1539.6843490127799,768.6751785856644,707.1693154383195,36.81514818936322,-127.69620793925745,-9.273150119682715,5.835813631800125,-248.182919605588,-395.60220830407326,19.960094814254955,-159.08430491936582,8.580704816712435
11,10.0,11,40631.956045642386,5666.749641521743,1522.1265356267477,1667.6487064833327,919.979007893225,724.5864623787745,41.13501774557145,-85.83369763842259,40.08601224668674,79.8498542225381,-228.13706533032268,-338.3429679686638,36.78564084560209,-138.53082481919222,-9.127970021093596
11,15.0,11,39811.59849773131,5094.87786151297,1320.791761038449,1606.3318371909409,809.4950820543594,604.4637549897102,13.059634216018509,-144.73403106327035,8.154176562348955,27.334318215776122,-246.46400551493096,-392.0493829154437,22.22044441098343,-156.56737832061725,8.413032312763885
11,25.0,11,39961.334610039376,4974.6876610917525,1393.788450715214,1669.4927718423,880.2327990201633,668.1055999677483,42.6792334717774,-87.16452745596101,45.57114308635774,57.32859923512494,-233.102644243952,-335.1392562050988,30.09225598000263,-136.33861877803741,5.678812794416995
11,50.0,11,40500.7813688784,5097.090854632902,1565.5217309923846,1720.4414061448579,1017.5905971772667,768.9820994599033,38.46983567656108,-61.357173076172565,73.5902761990512,65.90313348316174,-193.18794374997447,-326.5702151615911,81.28604209097605,-79.69365482754954,39.375219019308
12,-4.0,12,32507.058162665504,20464.09633162562,1210.0057172546474,1312.7597870346294,972.0552263291966,2160.140923819531,641.9242323394832,246.50501493897283,78.96615018498576,134.5270749423302,54.04502510486637,360.04121763676955,354.86067289005456,100.276212854847,112.02104171671073
12,-3.0,12,32539.93208364246,19900.11653706149,994.8033702800149,1261.7494398995927,997.1159915938092,2045.9363553811443,538.1485770109867,213.16852281305793,15.212483243593866,93.39695547258283,34.68617075252965,320.8516044357271,380.0144023261561,70.53434538875851,70.06699816478687
12,-2.0,12,32302.10779590351,18934.816836658934,778.4281372840046,1010.2725753004,749.6399155188836,1777.457111112549,376.140151959593,26.101169815065916,-122.76991821183171,0.392410549527888,-82.65544238124524,228.19034841530342,276.289342716987,2.0042605439143486,6.9301105833365675
12,-1.5,12,32188.504893451744,18952.720035777897,680.3582518295552,851.3087792167793,655.4402338871532,1808.706100258323,302.176762504911,-67.93512696928661,-167.55430759587713,-95.05481689375448,-88.61858197448403,162.2083603238296,217.6911631311225,-35.76161496349507,-39.2932328773051
12,-1.0,12,31932.368847061403,18342.958125328132,490.26242298877185,770.8457836345013,665.7553084671345,1781.8285858733082,196.11093172904714,-102.8718983737636,-197.27917249918866,-95.18286709977507,-123.22781935766291,186.23470664946586,217.52740955330182,-65.11840483767403,-60.16742249736096
12,-0.5,12,31374.724356956696,18321.36524577189,314.9952111244156,673.7701280416821,665.3214387067313,1681.2773336465018,172.54370311148648,-136.9789614545428,-268.6981060717462,-147.40557721706392,-159.68240734495987,118.94036202023274,183.26706412163526,-69.79822370486956,-79.69539950901247
12,0.0,12,31093.318378038566,18126.842803873766,207.6353014323185,515.5681573991609,569.3926371494189,1617.2159480268072,99.44602952427444,-229.1753278288941,-334.845625170818,-219.99224777040996,-238.65717795544643,86.42218061327283,128.3751649429762,-117.04959395876587,-129.2094093030177
12,0.5,12,31173.086966026527,17640.865443577954,58.95934496416376,604.8685242470018,484.0022611933453,1472.5294958152183,14.832999142301002,-229.95061345837146,-353.8456083224669,-272.1986044619974,-248.03837438439533,5.174860875493616,91.15543533986282,-178.3938853199336,-171.02440548409336
12,1.0,12,31026.499156640242,15914.131665654784,91.30052352175511,553.8246819078876,339.5628678057754,1191.047924762017,-84.77970264658791,-258.612965407745,-328.52771495160636,-248.03162370412593,-310.7914547319223,-112.63346437682269,41.416143028745395,-158.9568179499688,-155.58314949781624
12,1.5,12,30371.351783976483,14134.385972923581,9.173063429946005,643.6290135119515,207.9388840079235,991.6913095714303,-144.87080769576608,-251.82496079303067,-366.24977133073526,-238.5069225420214,-311.740538849824,-179.54225452909185,53.64041873374457,-192.17047371275362,-182.47378129275435
12,2.0,12,29741.997353557374,12331.617103243017,-137.89708979820858,554.3489362518114,30.606858281854173,735.1291638681816,-185.12307344505172,-366.5021247820056,-437.59257718325057,-290.95293420958257,-369.5018848511621,-253.48844778008984,36.446559067036546,-200.1150441518373,-206.79324437104123
12,2.5,12,28968.539661932977,10891.615934474798,-245.21095604378576,480.58249905017533,-85.82573055366963,540.3370395819644,-278.9613211317136,-411.2944878954855,-463.05326782791394,-328.4024190718593,-394.21350265927583,-325.9309587839554,-10.903134473314136,-263.4528012633898,-228.9132048766566
12,3.0,12,28330.054677533593,9166.912616041449,-189.18706066759574,494.1705676742239,-129.68798856390111,395.46722938064386,-286.4777026266132,-400.9442647678548,-458.86622522366156,-293.6389361709112,-389.0778934190579,-350.7538278413321,8.87643561258664,-289.0561534407416,-243.292914987375
12,3.5,12,27665.87757594903,7676.105146699666,-193.83021606538074,527.7472904939763,-138.61370078598492,322.47360742613506,-331.68647326251624,-424.70582153251127,-463.6412987013168,-301.6411769069558,-394.77864779013737,-339.91878489183586,-3.9651602839339866,-250.09509096575084,-230.45029081100523
12,4.0,12,26749.23731553351,6213.072310419726,-234.3082027302899,440.8782778841031,-175.87935566552522,207.32349156290007,-422.0016166235709,-497.8142737451431,-550.9395029659723,-371.3296588770581,-447.84599499697276,-444.34365879614796,-96.05729888251132,-319.1831375356737,-281.7888657879909
12,4.5,12,25998.9398604581,5118.58209477896,-323.0722064191942,375.65491081110247,-276.6907510874309,144.25219311783445,-390.1171805505034,-566.8578112354809,-583.8253152442315,-385.79696741854,-444.34163773786565,-442.331353911506,-73.26003121682288,-328.73731553160053,-278.03112306639304
12,5.0,12,25218.786458289862,3739.4333666721764,-469.8324770051491,240.56485268071387,-353.66086565228596,-32.4824108652719,-533.5490659295904,-639.8161295015844,-613.0956790713022,-430.46880553680865,-522.6133569643526,-499.67919495828545,-155.68183691005902,-365.62114161746223,-346.19938443430686
12,6.0,12,24463.4420346096,2518.2322933938885,-380.49244398977004,240.00602026371857,-397.69990990425975,-81.66698049884278,-518.6516137865092,-639.1456648109887,-642.190397828548,-416.65236434363226,-531.7762626757645,-516.4567205101291,-168.31970520186064,-352.3315810298203,-337.6708897806495
12,7.0,12,24186.550872122483,1845.7701915446314,-435.3411945991589,240.1746090158957,-377.4986852898939,-62.53128569134511,-562.5362310170877,-650.9590650220003,-652.1418392797797,-468.60241963081046,-543.013589886758,-521.275077828702,-172.59753021745905,-379.6208649023898,-352.12500741865614
12,8.0,12,23516.509787450963,1169.8274467984459,-454.7603587323593,141.6518034086342,-437.1196962656565,-180.11055355593538,-603.0811046351133,-684.5553209775213,-686.489573270041,-478.72841832040297,-569.3793474597238,-560.4660291973673,-175.39095185747829,-410.71376717810955,-387.74419982035477
12,10.0,12,23763.85172750758,1158.3605209070718,-346.641345859192,171.15106062235176,-393.851074606601,-89.30641065640836,-578.7388776734105,-679.7411304822809,-667.9694468502913,-492.4043376881615,-544.7596225422989,-554.7932881017275,-179.36021387320443,-419.5830028047927,-366.83051440528436
12,15.0,12,23924.043792206194,1007.7789459267575,-503.59883656233797,161.1788240807476,-456.6586562273016,-168.45709942821117,-625.2237832284183,-741.6842956124598,-716.4676763113704,-515.9508919367848,-608.6505098094602,-566.3289865883855,-195.8521991100863,-452.25011878560576,-408.85341812902374
12,25.0,12,23577.99061035364,822.5165799020801,-460.6115977694576,184.15613116486142,-529.7462381988904,-141.23221473456164,-608.3897372180219,-702.1185679203833,-676.7105626246918,-503.08167140202784,-573.7740299764608,-560.6897413866384,-183.17855223301353,-380.236181813375,-397.0899075185343
